ATC_code,pvals,coeff,z.obs,SE,CI.high,CI.low,name,group,HR,HR_l,HR_u,p.adj.FDR,p.val.group,N.pd,N.nonpd,users.group,hover.text
A01,0.9145733386087239,-0.013354668917605237,-0.10727182162943166,0.12449372738107004,0.23064855305043996,-0.2573578908856504,STOMATOLOGICAL PREPARATIONS,A,0.9867341090338726,0.7730914818533591,1.2594165435592686,1,(0.05-1],59,24630,(10k-30k],"drug name: STOMATOLOGICAL PREPARATIONS
HR (95% CI): 0.99 (0.77; 1.26)
 p-value: 9.1e-01 (adj.: 1.0e+00)
 PD-users: 59
 non-PD-users: 24630"
A02,0.015240489279765566,0.06441607650424878,2.426613334869719,0.026545669876040293,0.11644463340677759,0.012387519601719979,DRUGS FOR ACID RELATED DISORDERS,A,1.0665360670535635,1.0124645627183655,1.1234953046376384,0.4036071131715584,(0.05-1],1681,530169,(250k-1mln],"drug name: DRUGS FOR ACID RELATED DISORDERS
HR (95% CI): 1.07 (1.01; 1.12)
 p-value: 1.5e-02 (adj.: 4.0e-01)
 PD-users: 1681
 non-PD-users: 530169"
A03,0.058338701188433366,0.13331620054591437,1.8931441578729826,0.07042052238414852,0.27133788819134214,-0.004705487099513406,DRUGS FOR FUNCTIONAL GASTROINTESTINAL DISORDERS,A,1.1426112355126243,0.9953055663608072,1.3117182096080116,1,(0.05-1],191,83080,(30k-100k],"drug name: DRUGS FOR FUNCTIONAL GASTROINTESTINAL DISORDERS
HR (95% CI): 1.14 (1; 1.31)
 p-value: 5.8e-02 (adj.: 1.0e+00)
 PD-users: 191
 non-PD-users: 83080"
A04,0.21414562368497875,0.15588383184085197,1.242246511438814,0.12548542532053625,0.40183074605379354,-0.0900630823720896,ANTIEMETICS AND ANTINAUSEANTS,A,1.1686904305878656,0.9138735341425387,1.4945583513687994,1,(0.05-1],57,24140,(10k-30k],"drug name: ANTIEMETICS AND ANTINAUSEANTS
HR (95% CI): 1.17 (0.91; 1.49)
 p-value: 2.1e-01 (adj.: 1.0e+00)
 PD-users: 57
 non-PD-users: 24140"
A05,0.009075530453902024,0.724308709601485,2.609195771711767,0.2775984529234083,1.2683916794954029,0.18022573970756717,BILE AND LIVER THERAPY,A,2.0633042644172437,1.197487653125701,3.5551301731171168,0.3004290560952633,(0.05-1],13,3434,(500-10k],"drug name: BILE AND LIVER THERAPY
HR (95% CI): 2.06 (1.2; 3.56)
 p-value: 9.1e-03 (adj.: 3.0e-01)
 PD-users: 13
 non-PD-users: 3434"
A06,0.009906165812127594,0.22068719642056506,2.579087614333831,0.08556793309155097,0.388397263511538,0.052977129329592115,DRUGS FOR CONSTIPATION,A,1.2469333243467629,1.054405529882241,1.4746154788661991,0.3027006835318034,(0.05-1],101,39291,(30k-100k],"drug name: DRUGS FOR CONSTIPATION
HR (95% CI): 1.25 (1.05; 1.47)
 p-value: 9.9e-03 (adj.: 3.0e-01)
 PD-users: 101
 non-PD-users: 39291"
A07,0.10839896114876883,0.09753474614308073,1.605431116451389,0.06075299347546562,0.2166084253079902,-0.021538933021828743,"ANTIDIARRHEALS, INTESTINAL ANTIINFLAMMATORY/ANTIINFECTIVE AGENTS",A,1.1024497467744838,0.9786913733147966,1.2418577268609385,1,(0.05-1],269,96758,(30k-100k],"drug name: ANTIDIARRHEALS, INTESTINAL ANTIINFLAMMATORY/ANTIINFECTIVE AGENTS
HR (95% CI): 1.1 (0.98; 1.24)
 p-value: 1.1e-01 (adj.: 1.0e+00)
 PD-users: 269
 non-PD-users: 96758"
A08,0.7010375202540735,0.02884376717607673,0.38392029965752805,0.0751295703868915,0.176095019308351,-0.11840748495619755,"ANTIOBESITY PREPARATIONS, EXCL. DIET PRODUCTS",A,1.0292637771265212,0.8883339961138432,1.1925513686734885,1,(0.05-1],179,81075,(30k-100k],"drug name: ANTIOBESITY PREPARATIONS, EXCL. DIET PRODUCTS
HR (95% CI): 1.03 (0.89; 1.19)
 p-value: 7.0e-01 (adj.: 1.0e+00)
 PD-users: 179
 non-PD-users: 81075"
A09,0.9339052170964038,0.015424442522167793,0.08293249331555716,0.18598792711414056,0.3799540812251438,-0.3491051961808082,"DIGESTIVES, INCL. ENZYMES",A,1.0155440132151354,0.7053189295095684,1.4622174446590013,1,(0.05-1],29,8744,(500-10k],"drug name: DIGESTIVES, INCL. ENZYMES
HR (95% CI): 1.02 (0.71; 1.46)
 p-value: 9.3e-01 (adj.: 1.0e+00)
 PD-users: 29
 non-PD-users: 8744"
A10,0.8735708478875274,-0.006131648401668834,-0.15912442136654645,0.03853367288949603,0.06939296265379086,-0.08165625945712851,DRUGS USED IN DIABETES,A,0.9938871117911721,0.9215886916534238,1.0718573263006985,1,(0.05-1],739,182133,(100k-250k],"drug name: DRUGS USED IN DIABETES
HR (95% CI): 0.99 (0.92; 1.07)
 p-value: 8.7e-01 (adj.: 1.0e+00)
 PD-users: 739
 non-PD-users: 182133"
A11,0.007910165641506097,-0.1423785930123581,-2.655880427856917,0.0536088114204924,-0.03730725337419351,-0.24744993265052273,VITAMINS,A,0.8672928433122241,0.7807893118836705,0.9633800880879266,0.3004290560952633,(0.05-1],360,172559,(100k-250k],"drug name: VITAMINS
HR (95% CI): 0.87 (0.78; 0.96)
 p-value: 7.9e-03 (adj.: 3.0e-01)
 PD-users: 360
 non-PD-users: 172559"
A12,0.288968391245948,-0.05156568270465223,-1.0603874017520731,0.0486290978367439,0.04374559765604044,-0.1468769630653449,MINERAL SUPPLEMENTS,A,0.9497412663383664,0.8634002009955847,1.044716542741014,1,(0.05-1],453,178094,(100k-250k],"drug name: MINERAL SUPPLEMENTS
HR (95% CI): 0.95 (0.86; 1.04)
 p-value: 2.9e-01 (adj.: 1.0e+00)
 PD-users: 453
 non-PD-users: 178094"
A14,0.3891711386005676,0.3256779617162764,0.8611214824549805,0.3782021100992598,1.0669404763878778,-0.4155845529553249,ANABOLIC AGENTS FOR SYSTEMIC USE,A,1.3849692839172205,0.6599543896402462,2.906473458627639,1,(0.05-1],7,2365,(500-10k],"drug name: ANABOLIC AGENTS FOR SYSTEMIC USE
HR (95% CI): 1.38 (0.66; 2.91)
 p-value: 3.9e-01 (adj.: 1.0e+00)
 PD-users: 7
 non-PD-users: 2365"
A16,0.316602567664429,0.7082546003018408,1.001463934879845,0.7072192773340527,2.094378913049028,-0.6778697124453461,OTHER ALIMENTARY TRACT AND METABOLISM PRODUCTS,A,2.0304442273120396,0.5076973826017606,8.120395931721097,1,(0.05-1],2,672,(500-10k],"drug name: OTHER ALIMENTARY TRACT AND METABOLISM PRODUCTS
HR (95% CI): 2.03 (0.51; 8.12)
 p-value: 3.2e-01 (adj.: 1.0e+00)
 PD-users: 2
 non-PD-users: 672"
B01,0.014091247634317811,0.05537325073283747,2.454928847402726,0.022555949347135437,0.09958209909033267,0.011164402375342275,ANTITHROMBOTIC AGENTS,B,1.056935042839916,1.0112269568933994,1.1047091626343755,0.3998274179582578,(0.05-1],3221,636340,(250k-1mln],"drug name: ANTITHROMBOTIC AGENTS
HR (95% CI): 1.06 (1.01; 1.1)
 p-value: 1.4e-02 (adj.: 4.0e-01)
 PD-users: 3221
 non-PD-users: 636340"
B02,0.7352175571467048,-0.07239478482736986,-0.3381932567291237,0.21406335988938582,0.34716169096546223,-0.491951260620202,ANTIHEMORRHAGICS,B,0.9301636088365733,0.6114321659307396,1.4150455069481647,1,(0.05-1],21,27774,(10k-30k],"drug name: ANTIHEMORRHAGICS
HR (95% CI): 0.93 (0.61; 1.42)
 p-value: 7.4e-01 (adj.: 1.0e+00)
 PD-users: 21
 non-PD-users: 27774"
B03,0.051370580362845926,-0.08676868240936562,-1.9483710573083945,0.044533961887749184,5.16278979502155e-4,-0.1740536437982334,ANTIANEMIC PREPARATIONS,B,0.916889163696895,0.8402518221502189,1.0005164122744326,1,(0.05-1],518,213585,(100k-250k],"drug name: ANTIANEMIC PREPARATIONS
HR (95% CI): 0.92 (0.84; 1)
 p-value: 5.1e-02 (adj.: 1.0e+00)
 PD-users: 518
 non-PD-users: 213585"
B05,0.4271949964573544,0.35517899278222953,0.7940007470304953,0.4473282854085125,1.231926321448968,-0.5215683358845089,BLOOD SUBSTITUTES AND PERFUSION SOLUTIONS,B,1.4264359531723996,0.5935888708430392,3.4278262758078,1,(0.05-1],3,1321,(500-10k],"drug name: BLOOD SUBSTITUTES AND PERFUSION SOLUTIONS
HR (95% CI): 1.43 (0.59; 3.43)
 p-value: 4.3e-01 (adj.: 1.0e+00)
 PD-users: 3
 non-PD-users: 1321"
C01,2.912170749501612e-4,0.12777124840957504,3.6229900090480456,0.03526679568270392,0.1968928977978074,0.058649599021342716,CARDIAC THERAPY,C,1.1362930441241932,1.0604036091715034,1.2176136246214915,0.016526084015315985,(0.01-0.05],884,187094,(100k-250k],"drug name: CARDIAC THERAPY
HR (95% CI): 1.14 (1.06; 1.22)
 p-value: 2.9e-04 (adj.: 1.7e-02)
 PD-users: 884
 non-PD-users: 187094"
C02,0.4374692040526351,-0.05831812802618477,-0.7764739364940033,0.07510635616374635,0.08888762506479594,-0.2055238811171655,ANTIHYPERTENSIVES,C,0.9433497936878024,0.8142206498362363,1.0929578283599244,1,(0.05-1],180,32859,(30k-100k],"drug name: ANTIHYPERTENSIVES
HR (95% CI): 0.94 (0.81; 1.09)
 p-value: 4.4e-01 (adj.: 1.0e+00)
 PD-users: 180
 non-PD-users: 32859"
C03,0.08466762070876195,-0.053345685457708375,-1.7242228495434708,0.030938973736389656,0.0072935887842459635,-0.11398495969966271,DIURETICS,C,0.9480522279620369,0.8922713758109627,1.0073202517864956,1,(0.05-1],1227,332316,(250k-1mln],"drug name: DIURETICS
HR (95% CI): 0.95 (0.89; 1.01)
 p-value: 8.5e-02 (adj.: 1.0e+00)
 PD-users: 1227
 non-PD-users: 332316"
C04,0.40836518690005735,-0.31267883540768826,-0.8267739690321099,0.37819143698214885,0.42856276033877283,-1.0539204311541495,PERIPHERAL VASODILATORS,C,0.7314848018659739,0.3485685279798357,1.5350497030295753,1,(0.05-1],5,2237,(500-10k],"drug name: PERIPHERAL VASODILATORS
HR (95% CI): 0.73 (0.35; 1.54)
 p-value: 4.1e-01 (adj.: 1.0e+00)
 PD-users: 5
 non-PD-users: 2237"
C05,0.08805014812904922,0.08987583403925349,1.7057740944981112,0.05268917749961351,0.19314472431353413,-0.013393056235027137,VASOPROTECTIVES,C,1.094038432938245,0.9866962316854277,1.2130583398514136,1,(0.05-1],295,120067,(100k-250k],"drug name: VASOPROTECTIVES
HR (95% CI): 1.09 (0.99; 1.21)
 p-value: 8.8e-02 (adj.: 1.0e+00)
 PD-users: 295
 non-PD-users: 120067"
C07,0.1251247258479288,0.03668145325021595,1.5336136596363208,0.023918314120203222,0.08356048749673009,-0.010197580996298188,BETA BLOCKING AGENTS,C,1.0373625197419152,0.9898542380402648,1.0871509723450024,1,(0.05-1],2432,501415,(250k-1mln],"drug name: BETA BLOCKING AGENTS
HR (95% CI): 1.04 (0.99; 1.09)
 p-value: 1.3e-01 (adj.: 1.0e+00)
 PD-users: 2432
 non-PD-users: 501415"
C08,0.46850558231755735,-0.020339861524315467,-0.7249127110969109,0.028058359596892634,0.03465351275086787,-0.0753332357994988,CALCIUM CHANNEL BLOCKERS,C,0.979865598094444,0.9274343804915822,1.035260941933236,1,(0.05-1],1544,344208,(250k-1mln],"drug name: CALCIUM CHANNEL BLOCKERS
HR (95% CI): 0.98 (0.93; 1.04)
 p-value: 4.7e-01 (adj.: 1.0e+00)
 PD-users: 1544
 non-PD-users: 344208"
C09,5.553700643505413e-4,-0.07745998188093126,-3.4525230306743917,0.022435761092026885,-0.03348669817481354,-0.12143326558704898,AGENTS ACTING ON THE RENIN-ANGIOTENSIN SYSTEM,C,0.925464058986511,0.885650154719953,0.9670677749123329,0.02757678546679251,(0.01-0.05],2913,675528,(250k-1mln],"drug name: AGENTS ACTING ON THE RENIN-ANGIOTENSIN SYSTEM
HR (95% CI): 0.93 (0.89; 0.97)
 p-value: 5.6e-04 (adj.: 2.8e-02)
 PD-users: 2913
 non-PD-users: 675528"
C10,0.9776797698858882,6.206707828176703e-4,0.027977909535661528,0.022184315880589424,0.04410113093043291,-0.04285978936479757,LIPID MODIFYING AGENTS,C,1.0006208634387845,0.9580457088477403,1.04508804027022,1,(0.05-1],3091,628990,(250k-1mln],"drug name: LIPID MODIFYING AGENTS
HR (95% CI): 1 (0.96; 1.05)
 p-value: 9.8e-01 (adj.: 1.0e+00)
 PD-users: 3091
 non-PD-users: 628990"
D01,0.10400197943237327,0.06515883526696419,1.625754084998028,0.040079145959546036,0.1437125178787984,-0.01339484734487005,ANTIFUNGALS FOR DERMATOLOGICAL USE,D,1.067328540334923,0.9866944644056779,1.1545521477103386,1,(0.05-1],594,224604,(100k-250k],"drug name: ANTIFUNGALS FOR DERMATOLOGICAL USE
HR (95% CI): 1.07 (0.99; 1.15)
 p-value: 1.0e-01 (adj.: 1.0e+00)
 PD-users: 594
 non-PD-users: 224604"
D02,0.33307878821044,-0.5589233585880875,-0.9679310856449382,0.5774412733275051,0.5728407403207716,-1.6906874574969466,EMOLLIENTS AND PROTECTIVES,D,0.5718243823610727,0.18439271825465903,1.7732973804911105,1,(0.05-1],3,1991,(500-10k],"drug name: EMOLLIENTS AND PROTECTIVES
HR (95% CI): 0.57 (0.18; 1.77)
 p-value: 3.3e-01 (adj.: 1.0e+00)
 PD-users: 3
 non-PD-users: 1991"
D04,0.5956069788026401,-0.26543557680847624,-0.530728434579355,0.5001344558047945,0.7148099439964601,-1.2456810976134127,"ANTIPRURITICS, INCL. ANTIHISTAMINES, ANESTHETICS, ETC.",D,0.7668718456260568,0.2877448590373022,2.043798209224223,1,(0.05-1],3,2013,(500-10k],"drug name: ANTIPRURITICS, INCL. ANTIHISTAMINES, ANESTHETICS, ETC.
HR (95% CI): 0.77 (0.29; 2.04)
 p-value: 6.0e-01 (adj.: 1.0e+00)
 PD-users: 3
 non-PD-users: 2013"
D05,0.551445433275941,-0.04594198017567002,-0.5955955753043467,0.07713620127583029,0.10524219622918987,-0.19712615658052993,ANTIPSORIATICS,D,0.9550973751650986,0.8210870412449439,1.110979652856479,1,(0.05-1],158,56672,(30k-100k],"drug name: ANTIPSORIATICS
HR (95% CI): 0.96 (0.82; 1.11)
 p-value: 5.5e-01 (adj.: 1.0e+00)
 PD-users: 158
 non-PD-users: 56672"
D06,0.35665734756506,0.048138386971352434,0.921753154607857,0.05222481391108667,0.1504971413363887,-0.05422036739368383,ANTIBIOTICS AND CHEMOTHERAPEUTICS FOR DERMATOLOGICAL USE,D,1.0493158569206655,0.947223346360605,1.1624119821535512,1,(0.05-1],351,167945,(100k-250k],"drug name: ANTIBIOTICS AND CHEMOTHERAPEUTICS FOR DERMATOLOGICAL USE
HR (95% CI): 1.05 (0.95; 1.16)
 p-value: 3.6e-01 (adj.: 1.0e+00)
 PD-users: 351
 non-PD-users: 167945"
D07,0.5512610239584083,-0.015624226140423398,-0.5958715746347476,0.02622079455627768,0.035767586835904745,-0.06701603911675154,"CORTICOSTEROIDS, DERMATOLOGICAL PREPARATIONS",D,0.9844971988676992,0.9351802017520472,1.0364149420213322,1,(0.05-1],1692,594410,(250k-1mln],"drug name: CORTICOSTEROIDS, DERMATOLOGICAL PREPARATIONS
HR (95% CI): 0.98 (0.94; 1.04)
 p-value: 5.5e-01 (adj.: 1.0e+00)
 PD-users: 1692
 non-PD-users: 594410"
D08,0.09001308026789932,0.28705635222843734,1.695328715937683,0.16932194301307935,0.6189212623264162,-0.04480855786954152,ANTISEPTICS AND DISINFECTANTS,D,1.3324993006649744,0.9561805175475495,1.8569238273403224,1,(0.05-1],27,11677,(10k-30k],"drug name: ANTISEPTICS AND DISINFECTANTS
HR (95% CI): 1.33 (0.96; 1.86)
 p-value: 9.0e-02 (adj.: 1.0e+00)
 PD-users: 27
 non-PD-users: 11677"
D09,0.4598572734721996,-0.36962368017842345,-0.7390818892362273,0.5001119436986817,0.6105777177093157,-1.3498250780661627,MEDICATED DRESSINGS,D,0.6909943165732793,0.25928561141991907,1.8414949557817704,1,(0.05-1],2,1457,(500-10k],"drug name: MEDICATED DRESSINGS
HR (95% CI): 0.69 (0.26; 1.84)
 p-value: 4.6e-01 (adj.: 1.0e+00)
 PD-users: 2
 non-PD-users: 1457"
D10,0.1608962295301153,0.1478059487889153,1.4020636869703862,0.10542028166231024,0.3544259040871116,-0.058814006509281036,ANTI-ACNE PREPARATIONS,D,1.1592879133109892,0.942882122786631,1.4253621247765196,1,(0.05-1],83,56857,(30k-100k],"drug name: ANTI-ACNE PREPARATIONS
HR (95% CI): 1.16 (0.94; 1.43)
 p-value: 1.6e-01 (adj.: 1.0e+00)
 PD-users: 83
 non-PD-users: 56857"
D11,0.9937032768607255,-0.0011192071240946867,-0.007891854047683378,0.1418180211306905,0.27683900665079897,-0.27907742089898835,OTHER DERMATOLOGICAL PREPARATIONS,D,0.9988814189546062,0.7564813334829098,1.3189540111174585,1,(0.05-1],49,21601,(10k-30k],"drug name: OTHER DERMATOLOGICAL PREPARATIONS
HR (95% CI): 1 (0.76; 1.32)
 p-value: 9.9e-01 (adj.: 1.0e+00)
 PD-users: 49
 non-PD-users: 21601"
G01,0.8789170371316425,-0.023925482010713008,-0.1523422068626726,0.15705090863151536,0.2838886426463478,-0.33173960666777375,GYNECOLOGICAL ANTIINFECTIVES AND ANTISEPTICS,G,0.9763584633166609,0.7176741760958848,1.3282850082134057,1,(0.05-1],35,48375,(30k-100k],"drug name: GYNECOLOGICAL ANTIINFECTIVES AND ANTISEPTICS
HR (95% CI): 0.98 (0.72; 1.33)
 p-value: 8.8e-01 (adj.: 1.0e+00)
 PD-users: 35
 non-PD-users: 48375"
G02,0.6043889167270022,-0.13917974629527383,-0.5180994030492805,0.2686352184081466,0.3873356067637447,-0.6656950993542924,OTHER GYNECOLOGICALS,G,0.870071622251232,0.5139161807198114,1.4730507741292982,1,(0.05-1],13,71618,(30k-100k],"drug name: OTHER GYNECOLOGICALS
HR (95% CI): 0.87 (0.51; 1.47)
 p-value: 6.0e-01 (adj.: 1.0e+00)
 PD-users: 13
 non-PD-users: 71618"
G03,0.028179973215133106,0.07398416985178287,2.1947717736090273,0.033709277083568995,0.14005313888045948,0.007915200823106261,SEX HORMONES AND MODULATORS OF THE GENITAL SYSTEM,G,1.0767897596198075,1.007946608837367,1.1503349247431867,0.5891666234988763,(0.05-1],1246,617138,(250k-1mln],"drug name: SEX HORMONES AND MODULATORS OF THE GENITAL SYSTEM
HR (95% CI): 1.08 (1.01; 1.15)
 p-value: 2.8e-02 (adj.: 5.9e-01)
 PD-users: 1246
 non-PD-users: 617138"
G04,1.0567243505013425e-13,0.20656737923125373,7.433611001885439,0.027788295510601857,0.26103143762378944,0.15210332083871803,UROLOGICALS,G,1.2294505708606254,1.1642805246581758,1.2982684792681705,4.1977142927772604e-11,(0-0.00001],1665,302145,(250k-1mln],"drug name: UROLOGICALS
HR (95% CI): 1.23 (1.16; 1.3)
 p-value: 1.1e-13 (adj.: 4.2e-11)
 PD-users: 1665
 non-PD-users: 302145"
H01,0.021876687645433136,0.37298033722805274,2.2925020802750002,0.1626957464672448,0.6918581407417121,0.054102533714393275,PITUITARY AND HYPOTHALAMIC HORMONES AND ANALOGUES,H,1.452055788110257,1.0555928304602542,1.9974235812734504,0.5111917138605252,(0.05-1],37,30639,(30k-100k],"drug name: PITUITARY AND HYPOTHALAMIC HORMONES AND ANALOGUES
HR (95% CI): 1.45 (1.06; 2)
 p-value: 2.2e-02 (adj.: 5.1e-01)
 PD-users: 37
 non-PD-users: 30639"
H02,5.30173332972112e-6,-0.1767276977398779,-4.55247948083691,0.038820097593803754,-0.10064170457969254,-0.2528136909000632,CORTICOSTEROIDS FOR SYSTEMIC USE,H,0.8380079449146894,0.7766125583327869,0.9042569659802184,5.265129398245008e-4,(0.0001-0.001],687,319680,(250k-1mln],"drug name: CORTICOSTEROIDS FOR SYSTEMIC USE
HR (95% CI): 0.84 (0.78; 0.9)
 p-value: 5.3e-06 (adj.: 5.3e-04)
 PD-users: 687
 non-PD-users: 319680"
H03,0.26410637796636244,0.043414687246235775,1.1167379698663493,0.038876342004769145,0.11961091742624497,-0.03278154293377342,THYROID THERAPY,H,1.0443708923545356,0.9677499483130605,1.127058247534591,1,(0.05-1],740,208640,(100k-250k],"drug name: THYROID THERAPY
HR (95% CI): 1.04 (0.97; 1.13)
 p-value: 2.6e-01 (adj.: 1.0e+00)
 PD-users: 740
 non-PD-users: 208640"
H04,0.39400803735687717,0.22025941910884111,0.8523713121955784,0.25840782761856035,0.726729454564454,-0.28621061634677175,PANCREATIC HORMONES,H,1.24640002863541,0.7511044044208007,2.0683050481914185,1,(0.05-1],14,5669,(500-10k],"drug name: PANCREATIC HORMONES
HR (95% CI): 1.25 (0.75; 2.07)
 p-value: 3.9e-01 (adj.: 1.0e+00)
 PD-users: 14
 non-PD-users: 5669"
H05,0.8505310307971617,0.08430378492940672,0.18844091223614892,0.4473751688474081,0.9611430034478519,-0.7925354335890384,CALCIUM HOMEOSTASIS,H,1.0879593492667052,0.45269555946538054,2.614683358181585,1,(0.05-1],4,2166,(500-10k],"drug name: CALCIUM HOMEOSTASIS
HR (95% CI): 1.09 (0.45; 2.61)
 p-value: 8.5e-01 (adj.: 1.0e+00)
 PD-users: 4
 non-PD-users: 2166"
J01,4.0657766244099346e-005,-0.08223346526694468,-4.103709655509246,0.020038811750862036,-0.042958115942277074,-0.12150881459161228,ANTIBACTERIALS FOR SYSTEMIC USE,J,0.9210568987980681,0.8855832472598004,0.957951512123217,0.002691803944177144,(0.001-0.01],4336,1838034,(1mln-3mln],"drug name: ANTIBACTERIALS FOR SYSTEMIC USE
HR (95% CI): 0.92 (0.89; 0.96)
 p-value: 4.1e-05 (adj.: 2.7e-03)
 PD-users: 4336
 non-PD-users: 1838034"
J02,0.85243192162233,0.019228762550769645,0.18601637299437268,0.10337134436736571,0.22183287454429376,-0.1833753494427545,ANTIMYCOTICS FOR SYSTEMIC USE,J,1.0194148258811393,0.8324556353297409,1.2483627272396771,1,(0.05-1],82,73984,(30k-100k],"drug name: ANTIMYCOTICS FOR SYSTEMIC USE
HR (95% CI): 1.02 (0.83; 1.25)
 p-value: 8.5e-01 (adj.: 1.0e+00)
 PD-users: 82
 non-PD-users: 73984"
J04,0.2757097817261469,0.34488281029887696,1.090007633008416,0.3164040322791153,0.9650233181291914,-0.27525769753143753,ANTIMYCOBACTERIALS,J,1.4118244586863353,0.7593764085825379,2.624848862325849,1,(0.05-1],10,2239,(500-10k],"drug name: ANTIMYCOBACTERIALS
HR (95% CI): 1.41 (0.76; 2.62)
 p-value: 2.8e-01 (adj.: 1.0e+00)
 PD-users: 10
 non-PD-users: 2239"
J05,0.8706225984576496,-0.014724026313742523,-0.1628677056180325,0.09040482431964891,0.1624661733814401,-0.19191422600892516,ANTIVIRALS FOR SYSTEMIC USE,J,0.9853838420936518,0.8253776613917058,1.176408523853229,1,(0.05-1],105,51276,(30k-100k],"drug name: ANTIVIRALS FOR SYSTEMIC USE
HR (95% CI): 0.99 (0.83; 1.18)
 p-value: 8.7e-01 (adj.: 1.0e+00)
 PD-users: 105
 non-PD-users: 51276"
J07,0.755748489138275,-0.018002890433939968,-0.3110685765702807,0.05787434601216468,0.09542874337871207,-0.13143452424659202,VACCINES,J,0.982158193490821,0.8768366848008589,1.100130427663658,1,(0.05-1],239,94320,(30k-100k],"drug name: VACCINES
HR (95% CI): 0.98 (0.88; 1.1)
 p-value: 7.6e-01 (adj.: 1.0e+00)
 PD-users: 239
 non-PD-users: 94320"
L01,0.227062142991588,-0.25220156811465666,-1.2079613146359252,0.20878281867053766,0.15700523707035385,-0.6614083732996672,ANTINEOPLASTIC AGENTS,L,0.7770880861010181,0.5161239272230267,1.170001741266302,1,(0.05-1],17,8064,(500-10k],"drug name: ANTINEOPLASTIC AGENTS
HR (95% CI): 0.78 (0.52; 1.17)
 p-value: 2.3e-01 (adj.: 1.0e+00)
 PD-users: 17
 non-PD-users: 8064"
L02,0.6503624597369075,-0.03679982943280963,-0.4532587118647272,0.08118945862378119,0.12232858539410635,-0.1959282442597256,ENDOCRINE THERAPY,L,0.9638690542553534,0.8220712208908749,1.1301253834726255,1,(0.05-1],151,44668,(30k-100k],"drug name: ENDOCRINE THERAPY
HR (95% CI): 0.96 (0.82; 1.13)
 p-value: 6.5e-01 (adj.: 1.0e+00)
 PD-users: 151
 non-PD-users: 44668"
L03,0.31498579254642456,-0.21952333196230475,-1.0048153054775935,0.2184713257905285,0.20867259824184767,-0.6477192621664571,IMMUNOSTIMULANTS,L,0.802901424208723,0.5232377851274936,1.2320415599177692,1,(0.05-1],21,16149,(10k-30k],"drug name: IMMUNOSTIMULANTS
HR (95% CI): 0.8 (0.52; 1.23)
 p-value: 3.1e-01 (adj.: 1.0e+00)
 PD-users: 21
 non-PD-users: 16149"
L04,0.09350565859945192,-0.13802086678921,-1.6771883389267814,0.0822930040626972,0.023270457353284812,-0.2993121909317048,IMMUNOSUPPRESSANTS,L,0.8710805149026635,0.7413279374456725,1.0235433269351133,1,(0.05-1],146,63969,(30k-100k],"drug name: IMMUNOSUPPRESSANTS
HR (95% CI): 0.87 (0.74; 1.02)
 p-value: 9.4e-02 (adj.: 1.0e+00)
 PD-users: 146
 non-PD-users: 63969"
M01,0.8455849761056846,0.0038972861082981268,0.19475471429736002,0.020011254271090864,0.04311862376510954,-0.035324051548513286,ANTIINFLAMMATORY AND ANTIRHEUMATIC PRODUCTS,M,1.0039048904032983,0.9652925610205252,1.0440617380394677,1,(0.05-1],4309,1631461,(1mln-3mln],"drug name: ANTIINFLAMMATORY AND ANTIRHEUMATIC PRODUCTS
HR (95% CI): 1 (0.97; 1.04)
 p-value: 8.5e-01 (adj.: 1.0e+00)
 PD-users: 4309
 non-PD-users: 1631461"
M02,0.3115702305475402,-0.08715467311414833,-1.0119327050608296,0.08612694567363476,0.08165103850461357,-0.2559603847329102,TOPICAL PRODUCTS FOR JOINT AND MUSCULAR PAIN,M,0.916535321296724,0.7741726372405728,1.085077093629504,1,(0.05-1],122,65693,(30k-100k],"drug name: TOPICAL PRODUCTS FOR JOINT AND MUSCULAR PAIN
HR (95% CI): 0.92 (0.77; 1.09)
 p-value: 3.1e-01 (adj.: 1.0e+00)
 PD-users: 122
 non-PD-users: 65693"
M03,0.23265350385528194,-0.08540733637002844,-1.1935513762477845,0.07155731882989982,0.054842431366825026,-0.2256571041068819,MUSCLE RELAXANTS,M,0.9181382171324767,0.7979916828288495,1.0563741501300858,1,(0.05-1],194,73946,(30k-100k],"drug name: MUSCLE RELAXANTS
HR (95% CI): 0.92 (0.8; 1.06)
 p-value: 2.3e-01 (adj.: 1.0e+00)
 PD-users: 194
 non-PD-users: 73946"
M04,0.1784664079050249,-0.08656384467637182,-1.3454919849745335,0.06433620240258082,0.03953279493476586,-0.2126604842875095,ANTIGOUT PREPARATIONS,M,0.9170769964315523,0.8084305655069411,1.0403246157034327,1,(0.05-1],248,63251,(30k-100k],"drug name: ANTIGOUT PREPARATIONS
HR (95% CI): 0.92 (0.81; 1.04)
 p-value: 1.8e-01 (adj.: 1.0e+00)
 PD-users: 248
 non-PD-users: 63251"
M05,0.47206842946625616,-0.041060034287215094,-0.7191176560763701,0.05709779747481896,0.07084959235999208,-0.15296966093442227,DRUGS FOR TREATMENT OF BONE DISEASES,M,0.9597715090197672,0.8581557570602386,1.073419763192732,1,(0.05-1],332,95061,(30k-100k],"drug name: DRUGS FOR TREATMENT OF BONE DISEASES
HR (95% CI): 0.96 (0.86; 1.07)
 p-value: 4.7e-01 (adj.: 1.0e+00)
 PD-users: 332
 non-PD-users: 95061"
N01,0.16193669942997807,-0.3055451966124652,-1.3985875582724736,0.21846697749111443,0.12264221108144163,-0.7337326043063721,ANESTHETICS,N,0.7367216067560692,0.4801135674042723,1.130479875408775,1,(0.05-1],18,11455,(10k-30k],"drug name: ANESTHETICS
HR (95% CI): 0.74 (0.48; 1.13)
 p-value: 1.6e-01 (adj.: 1.0e+00)
 PD-users: 18
 non-PD-users: 11455"
N02,0.024635499402377754,-0.04872233472875203,-2.247070851868534,0.02168259834274356,-0.0062252228857268,-0.09121944657177726,ANALGESICS,N,0.9524455540391891,0.9128173742750337,0.9937941136686679,0.5436758302621395,(0.05-1],2840,1204239,(1mln-3mln],"drug name: ANALGESICS
HR (95% CI): 0.95 (0.91; 0.99)
 p-value: 2.5e-02 (adj.: 5.4e-01)
 PD-users: 2840
 non-PD-users: 1204239"
N03,0.6739908140620067,0.021788329345899256,0.42067719761169187,0.05179346413258909,0.12330165368034093,-0.07972499498854241,ANTIEPILEPTICS,N,1.0220274283588566,0.9233702429178596,1.131225607852664,1,(0.05-1],372,159134,(100k-250k],"drug name: ANTIEPILEPTICS
HR (95% CI): 1.02 (0.92; 1.13)
 p-value: 6.7e-01 (adj.: 1.0e+00)
 PD-users: 372
 non-PD-users: 159134"
N05,0.003028328540791109,0.06704449609833397,2.964847656205942,0.022613133581416294,0.11136542349550316,0.0227235687011648,PSYCHOLEPTICS,N,1.0693430587099113,1.0229837157411128,1.1178033038215576,0.1336631343923339,(0.05-1],2846,857924,(250k-1mln],"drug name: PSYCHOLEPTICS
HR (95% CI): 1.07 (1.02; 1.12)
 p-value: 3.0e-03 (adj.: 1.3e-01)
 PD-users: 2846
 non-PD-users: 857924"
N06,3.3799452435673355e-9,0.17082962126548468,5.911992211712315,0.028895440851064075,0.22746364465097765,0.1141955978799917,PSYCHOANALEPTICS,N,1.1862886134496697,1.1209713630643392,1.2554117979903896,6.713219228361625e-7,(0-0.00001],1408,500496,(250k-1mln],"drug name: PSYCHOANALEPTICS
HR (95% CI): 1.19 (1.12; 1.26)
 p-value: 3.4e-09 (adj.: 6.7e-07)
 PD-users: 1408
 non-PD-users: 500496"
N07,4.1357525464945364e-7,-0.4881581105935372,-5.062600805840341,0.09642437342292247,-0.299169811452768,-0.6771464097343064,OTHER NERVOUS SYSTEM DRUGS,N,0.613755824073153,0.5080647343322199,0.7414334948455528,5.476264952657273e-5,(0.00001-0.0001],101,97694,(30k-100k],"drug name: OTHER NERVOUS SYSTEM DRUGS
HR (95% CI): 0.61 (0.51; 0.74)
 p-value: 4.1e-07 (adj.: 5.5e-05)
 PD-users: 101
 non-PD-users: 97694"
P01,0.008456451992600391,-0.16984532389872217,-2.633280324162493,0.06449952264491285,-0.043428582494667356,-0.296262065302777,ANTIPROTOZOALS,P,0.8437953214737327,0.7435925326814222,0.9575009339772358,0.3004290560952633,(0.05-1],205,128100,(100k-250k],"drug name: ANTIPROTOZOALS
HR (95% CI): 0.84 (0.74; 0.96)
 p-value: 8.5e-03 (adj.: 3.0e-01)
 PD-users: 205
 non-PD-users: 128100"
P02,0.8492700572665877,0.13440146538381373,0.1900498632637099,0.707190539765454,1.5204694535315442,-1.2516665227639168,ANTHELMINTICS,P,1.1438519444370243,0.28602772772794927,4.574372146314509,1,(0.05-1],2,703,(500-10k],"drug name: ANTHELMINTICS
HR (95% CI): 1.14 (0.29; 4.57)
 p-value: 8.5e-01 (adj.: 1.0e+00)
 PD-users: 2
 non-PD-users: 703"
R01,0.3824856631800913,0.026866802625563863,0.8733255405380221,0.030763788963520135,0.08716272102205411,-0.03342911577092639,NASAL PREPARATIONS,R,1.0272309691827202,0.9671234626028342,1.091074205984193,1,(0.05-1],1147,532500,(250k-1mln],"drug name: NASAL PREPARATIONS
HR (95% CI): 1.03 (0.97; 1.09)
 p-value: 3.8e-01 (adj.: 1.0e+00)
 PD-users: 1147
 non-PD-users: 532500"
R03,1.3570393633893e-5,-0.13489571149607035,-4.350699478077809,0.03100552271554938,-0.07412600365175505,-0.19566541934038567,DRUGS FOR OBSTRUCTIVE AIRWAY DISEASES,R,0.8738070349647964,0.8222873100887663,0.9285546851884953,0.0010781361343396776,(0.001-0.01],1128,431380,(250k-1mln],"drug name: DRUGS FOR OBSTRUCTIVE AIRWAY DISEASES
HR (95% CI): 0.87 (0.82; 0.93)
 p-value: 1.4e-05 (adj.: 1.1e-03)
 PD-users: 1128
 non-PD-users: 431380"
R05,0.7909185395249716,0.006696558903867877,0.2651180283297702,0.025258783591805695,0.05620286503709829,-0.04280974722936254,COUGH AND COLD PREPARATIONS,R,1.0067190309883183,0.9580936527004519,1.0578122550937348,1,(0.05-1],1785,713136,(250k-1mln],"drug name: COUGH AND COLD PREPARATIONS
HR (95% CI): 1.01 (0.96; 1.06)
 p-value: 7.9e-01 (adj.: 1.0e+00)
 PD-users: 1785
 non-PD-users: 713136"
R06,0.580035653906422,-0.016055971814059752,-0.5533326410145561,0.02901685283669607,0.04081601469056343,-0.07292795831868293,ANTIHISTAMINES FOR SYSTEMIC USE,R,0.9840722382054458,0.9296678024449154,1.0416604376960286,1,(0.05-1],1370,617463,(250k-1mln],"drug name: ANTIHISTAMINES FOR SYSTEMIC USE
HR (95% CI): 0.98 (0.93; 1.04)
 p-value: 5.8e-01 (adj.: 1.0e+00)
 PD-users: 1370
 non-PD-users: 617463"
S01,0.12223349744017616,0.03609075314917667,1.5454663695588635,0.023352661604327488,0.08186112883680989,-0.009679622538456556,OPHTHALMOLOGICALS,S,1.0367499305427526,0.9903670742173406,1.0853050817847782,1,(0.05-1],2162,793616,(250k-1mln],"drug name: OPHTHALMOLOGICALS
HR (95% CI): 1.04 (0.99; 1.09)
 p-value: 1.2e-01 (adj.: 1.0e+00)
 PD-users: 2162
 non-PD-users: 793616"
S02,0.600806638511616,-0.07012103652444292,-0.5232408771270423,0.13401291754852251,0.19253945533379696,-0.33278152838268277,OTOLOGICALS,S,0.9322809730280095,0.7169268052061728,1.2123243354251538,1,(0.05-1],52,23581,(10k-30k],"drug name: OTOLOGICALS
HR (95% CI): 0.93 (0.72; 1.21)
 p-value: 6.0e-01 (adj.: 1.0e+00)
 PD-users: 52
 non-PD-users: 23581"
S03,0.017018174231991177,-0.1434280726115036,-2.386314850586368,0.06010442108100709,-0.025625571981099743,-0.26123057324190746,OPHTHALMOLOGICAL AND OTOLOGICAL PREPARATIONS,S,0.8663831146210327,0.7701033339203055,0.9746999762737291,0.4225169575721836,(0.05-1],268,115567,(100k-250k],"drug name: OPHTHALMOLOGICAL AND OTOLOGICAL PREPARATIONS
HR (95% CI): 0.87 (0.77; 0.97)
 p-value: 1.7e-02 (adj.: 4.2e-01)
 PD-users: 268
 non-PD-users: 115567"
