term,personyears,cases,HR,HR_l,HR_u,p.value,atc_group,name
trt_q1,"41,961,553","15,611",1,NA,NA,NA,A01,stomatological preparations
trt_q2,"3,532",0,4.565418604951774e-5,1.065074592799355e-90,19569565530295317e65,0.9208630461381906,A01,stomatological preparations
trt_q3,"164,415",103,1.1808919822913149,0.9728142536286921,1.433475988492426,0.0927113736368845,A01,stomatological preparations
trt_q4,"93,435",66,1.2304174877121454,0.9660968651263871,1.5670552806004727,0.0928717912347792,A01,stomatological preparations
trt_q5,"49,585",42,1.3789250908949773,1.018561452574812,1.8667841802702265,0.03762077521459271,A01,stomatological preparations
trt_q6,"20,295",18,1.473394191913281,0.9279887325262826,2.339350003586715,0.10035850502895204,A01,stomatological preparations
trt_q1,"35,906,365","12,136",1,NA,NA,NA,A02,drugs for acid related disorders
trt_q2,"1,280,651",542,0.9755349136190828,0.8949142108769765,1.0634185446191522,0.5735636600500327,A02,drugs for acid related disorders
trt_q3,"2,185,808","1,265",1.1964410163099333,1.1288259173544397,1.2681061654427612,1.5157799945432697e-9,A02,drugs for acid related disorders
trt_q4,"1,839,907","1,204",1.1218684740049587,1.0568428834777308,1.190894969008641,1.6018260423712372e-4,A02,drugs for acid related disorders
trt_q5,"819,954",529,0.9649656659023713,0.8842320749803221,1.0530705260732927,0.4237151162056674,A02,drugs for acid related disorders
trt_q6,"260,129",164,0.9204797259160957,0.7888355094524107,1.0740932877257678,0.29267910415208936,A02,drugs for acid related disorders
trt_q1,"41,289,868","15,256",1,NA,NA,NA,A03,drugs for functional gastrointestinal disorders
trt_q2,"7,597",0,1.7973812980840924e-5,3.443814249963156e-102,9380818174897e79,0.9233904622691876,A03,drugs for functional gastrointestinal disorders
trt_q3,"463,399",228,1.0848935145270862,0.9514782052580676,1.2370161831964392,0.2235858932210747,A03,drugs for functional gastrointestinal disorders
trt_q4,"283,205",175,1.3067733215934956,1.1256411564468256,1.5170523076988842,4.4038601335193156e-4,A03,drugs for functional gastrointestinal disorders
trt_q5,"172,072",117,1.3687027345886051,1.1399347532698167,1.6433810534302695,7.695704370011544e-4,A03,drugs for functional gastrointestinal disorders
trt_q6,"76,673",64,1.691169021024928,1.3201824071992452,2.1664071889444343,3.206197570571659e-5,A03,drugs for functional gastrointestinal disorders
trt_q1,"41,965,455","15,691",1,NA,NA,NA,A04,antiemetics and antinauseants
trt_q2,"3,650",0,4.6670415152089096e-5,9.237711959151843e-94,23578648696774015e68,0.9237624261716455,A04,antiemetics and antinauseants
trt_q3,"142,811",75,1.0326597516239497,0.8229991027614808,1.2957318653761578,0.7813502913210095,A04,antiemetics and antinauseants
trt_q4,"88,520",33,0.7867077300707802,0.5590338464608257,1.107104796017909,0.16874336553076907,A04,antiemetics and antinauseants
trt_q5,"72,357",32,0.8872730805899407,0.6271769514255946,1.2552334994934193,0.4992312499775031,A04,antiemetics and antinauseants
trt_q6,"20,021",9,0.8687633344562959,0.45192791523621806,1.6700666319785133,0.6730927690402704,A04,antiemetics and antinauseants
trt_q1,"42,252,822","15,821",1,NA,NA,NA,A05,bile and liver therapy
trt_q2,293,0,0.001055667879648551,2.247340674177227e-81,4958904027889206e59,0.9401287690252953,A05,bile and liver therapy
trt_q3,"17,820",5,1.4508163648454062,0.6037388258476699,3.4863885415153355,0.40546902331259616,A05,bile and liver therapy
trt_q4,"15,247",7,1.1433064977268692,0.5449298045675804,2.3987488604734066,0.7231718877168705,A05,bile and liver therapy
trt_q5,"5,701",6,1.7899967976193494,0.8039758808808646,3.985304300393953,0.1539592543746269,A05,bile and liver therapy
trt_q6,932,1,1.4920358634519981,0.21015043772147018,10.593225700426467,0.6890686877808443,A05,bile and liver therapy
trt_q1,"41,746,574","15,218",1,NA,NA,NA,A06,drugs for constipation
trt_q2,"7,456",0,1.691835445754183e-5,1.0902361357092004e-94,26254011234440033e68,0.9164896127499444,A06,drugs for constipation
trt_q3,"268,070",323,1.6736502781561504,1.4980537208480371,1.8698296426822894,8.488367165619544e-20,A06,drugs for constipation
trt_q4,"141,029",187,1.826563265423194,1.5801505714013129,2.1114021808913477,3.704743554972961e-16,A06,drugs for constipation
trt_q5,"80,286",81,1.4688568421120198,1.1787722489697348,1.8303284833054214,6.144092500704327e-4,A06,drugs for constipation
trt_q6,"49,399",31,1.0172422060488335,0.7149936310055736,1.4472600326687821,0.9242894555360471,A06,drugs for constipation
trt_q1,"41,125,179","15,221",1,NA,NA,NA,A07,"antidiarrheals, intestinal antiinflammatory/antiinfective agents"
trt_q2,"4,722",0,4.7184783693669524e-5,1.7805076190430696e-87,12504320612876444e62,0.9180631457970851,A07,"antidiarrheals, intestinal antiinflammatory/antiinfective agents"
trt_q3,"549,410",305,1.1086761905518883,0.9895757294213342,1.2421109966140882,0.07520032688926005,A07,"antidiarrheals, intestinal antiinflammatory/antiinfective agents"
trt_q4,"345,109",179,1.0674950964862326,0.9211687774321435,1.2370651382678828,0.38521512376796246,A07,"antidiarrheals, intestinal antiinflammatory/antiinfective agents"
trt_q5,"209,802",101,1.002111438014704,0.8240004016495894,1.2187218989086746,0.9831461254736127,A07,"antidiarrheals, intestinal antiinflammatory/antiinfective agents"
trt_q6,"58,593",34,1.105270200015237,0.7894387266782801,1.5474566597232184,0.55993407345596935,A07,"antidiarrheals, intestinal antiinflammatory/antiinfective agents"
trt_q1,"41,240,410","15,585",1,NA,NA,NA,A08,"antiobesity preparations, excl. diet products"
trt_q2,"214,798",54,1.0648739682530322,0.8150253980471102,1.3913143945943813,0.644990565466736,A08,"antiobesity preparations, excl. diet products"
trt_q3,"306,467",73,0.9826030314718438,0.7805353829914353,1.2369826384517046,0.881231574038249,A08,"antiobesity preparations, excl. diet products"
trt_q4,"321,192",77,1.0026819959701092,0.8012552646327523,1.2547451847363575,0.981323974057374,A08,"antiobesity preparations, excl. diet products"
trt_q5,"157,413",37,0.8504108394989923,0.6157748879083929,1.174452888772186,0.32525040992914434,A08,"antiobesity preparations, excl. diet products"
trt_q6,"52,534",14,0.8364332330436511,0.49518673602242497,1.4128418684222834,0.5042639877997791,A08,"antiobesity preparations, excl. diet products"
trt_q1,"42,183,968","15,768",1,NA,NA,NA,A09,"digestives, incl. enzymes"
trt_q2,"22,630",16,1.3949438692850162,0.8543571908187452,2.277581811643785,0.18329238063999612,A09,"digestives, incl. enzymes"
trt_q3,"32,517",23,1.2711028156645845,0.8444100699289577,1.9134096400891663,0.25033170726027343,A09,"digestives, incl. enzymes"
trt_q4,"29,354",16,0.861625934878951,0.5277161777865575,1.4068154112120104,0.5515720224200871,A09,"digestives, incl. enzymes"
trt_q5,"18,031",14,1.0731832822229093,0.6354279378143677,1.8125145098344695,0.7916738466009767,A09,"digestives, incl. enzymes"
trt_q6,"6,315",3,0.626139095609523,0.2019167569694297,1.9416425507966533,0.41746777837429433,A09,"digestives, incl. enzymes"
trt_q1,"40,052,453","14,347",1,NA,NA,NA,A10,drugs used in diabetes
trt_q2,"674,246",435,1.1764999691731124,1.0685032239405479,1.2954122612374537,9.372423760483457e-4,A10,drugs used in diabetes
trt_q3,"757,189",503,1.0229496912797795,0.9353410052713038,1.118764242123514,0.6193971257735216,A10,drugs used in diabetes
trt_q4,"560,988",393,0.954105428765663,0.8624083771880442,1.055552326808647,0.3621440113950298,A10,drugs used in diabetes
trt_q5,"174,277",122,0.8779959100943047,0.7340391799451388,1.0501848391797568,0.154433189617505,A10,drugs used in diabetes
trt_q6,"73,662",40,0.6788941146053972,0.49771580535793297,0.9260248798295472,0.014477607090853802,A10,drugs used in diabetes
trt_q1,"40,125,099","14,318",1,NA,NA,NA,A11,vitamins
trt_q2,"583,103",333,1.2515321744382266,1.1224019029308194,1.3955186458291478,5.3854511067969353e-005,A11,vitamins
trt_q3,"512,545",370,1.3801961219414471,1.244500676207841,1.5306872639288711,1.0445108683012395e-9,A11,vitamins
trt_q4,"632,256",528,1.3416807681421967,1.2295900515820053,1.4639897917900324,4.02365778959333e-11,A11,vitamins
trt_q5,"313,084",239,1.046680622736339,0.9202820640179512,1.1904397236957998,0.48717533674829916,A11,vitamins
trt_q6,"126,728",52,0.5636772000494751,0.42919200281891623,0.7403026705268614,3.7540842909950486e-5,A11,vitamins
trt_q1,"40,208,012","14,247",1,NA,NA,NA,A12,mineral supplements
trt_q2,"540,251",389,1.2001195418989137,1.0845380674258371,1.3280187741737781,4.1453174892124527e-4,A12,mineral supplements
trt_q3,"626,885",539,1.3275769853854005,1.2170525476191891,1.4481385011458472,1.6681800185286514e-10,A12,mineral supplements
trt_q4,"545,576",427,1.1425204075759685,1.0365221810582943,1.2593583674155295,0.007317343298943278,A12,mineral supplements
trt_q5,"258,517",164,0.8816290601846749,0.7552376892393303,1.0291724192750145,0.11054563895249492,A12,mineral supplements
trt_q6,"113,573",74,0.925387614346205,0.7346775283819311,1.165602871604616,0.5101852459521194,A12,mineral supplements
trt_q1,"42,264,610","15,823",1,NA,NA,NA,A14,anabolic agents for systemic use
trt_q2,"6,987",8,3.738606716615573,1.8691487230764967,7.47783202532838,1.9270859698603673e-4,A14,anabolic agents for systemic use
trt_q3,"7,596",3,1.3580931411970838,0.4379255733129896,4.21171334255088,0.5960743534753862,A14,anabolic agents for systemic use
trt_q4,"7,215",3,1.2820391197206995,0.4133983569695627,3.975884946768769,0.6670126904156779,A14,anabolic agents for systemic use
trt_q5,"4,379",2,1.220490531303125,0.30518956705615,4.8808914124070375,0.7781342280860143,A14,anabolic agents for systemic use
trt_q6,"2,029",1,1.2583131689410008,0.17722583798905417,8.934092506467,0.8182815084179047,A14,anabolic agents for systemic use
trt_q1,"42,286,074","15,835",1,NA,NA,NA,A16,other alimentary tract and metabolism products
trt_q2,37,0,1.258678378447259e-4,0,Inf,0.992052120323304,A16,other alimentary tract and metabolism products
trt_q3,"3,375",4,3.7398084739795565,1.403297174761801,9.966646889617905,0.008353054147805728,A16,other alimentary tract and metabolism products
trt_q4,"1,955",1,1.901627577667372,0.2678434085499688,13.50112539159403,0.5204332518707254,A16,other alimentary tract and metabolism products
trt_q5,963,0,1.3157719630878777e-4,1.521586747286797e-138,11377963576084584e114,0.954712536059212,A16,other alimentary tract and metabolism products
trt_q6,410,0,1.201376242451033e-4,1.9813451080243482e-211,7284469878974924e187,0.9703588121422566,A16,other alimentary tract and metabolism products
trt_q1,"34,650,302","8,827",1,NA,NA,NA,B01,antithrombotic agents
trt_q2,"2,129,634","1,860",1.3455628290282757,1.2785306018310203,1.4161094965342649,5.01449729951419e-30,B01,antithrombotic agents
trt_q3,"2,646,001","2,474",1.2051728433541915,1.1506654762308408,1.26226224073055,2.7210934572060116e-15,B01,antithrombotic agents
trt_q4,"2,062,564","2,009",1.1118789461020577,1.0571297305486298,1.1694636477052065,3.847133451145097e-5,B01,antithrombotic agents
trt_q5,"599,070",526,0.9155903420021001,0.8372211182089584,1.00129542379543,0.05340794080324809,B01,antithrombotic agents
trt_q6,"205,244",144,0.8271714141617108,0.7007519865116181,0.9763975865588796,0.024947098021809666,B01,antithrombotic agents
trt_q1,"41,969,691","15,802",1,NA,NA,NA,B02,antihemorrhagics
trt_q2,"1,798",0,3.6693343550609007e-4,1.5516122382845093e-108,8677435171635741e85,0.9485631448363882,B02,antihemorrhagics
trt_q3,"148,912",14,0.7456611047662358,0.44129444358589287,1.259953510049084,0.27282719231693864,B02,antihemorrhagics
trt_q4,"96,479",14,1.239147145582519,0.7332298851730259,2.0941394772022477,0.42317373855159524,B02,antihemorrhagics
trt_q5,"49,880",7,1.2425247621553663,0.5919606690820417,2.6080580437266856,0.5659688444435322,B02,antihemorrhagics
trt_q6,"26,053",3,0.8296803263405228,0.2675153112487378,2.5731964301529833,0.7464528267611465,B02,antihemorrhagics
trt_q1,"39,710,443","14,126",1,NA,NA,NA,B03,antianemic preparations
trt_q2,"658,883",452,1.2961882890379446,1.179764831836893,1.424100833742597,6.56205440536048e-8,B03,antianemic preparations
trt_q3,"857,919",616,1.2504012915282667,1.152328709183921,1.3568206514292525,8.221616225423747e-8,B03,antianemic preparations
trt_q4,"566,786",369,1.0724194579277828,0.9665573670697876,1.1898760828120416,0.1873326995326994,B03,antianemic preparations
trt_q5,"332,957",190,0.9063525343887514,0.7849400182315489,1.0465448282834096,0.18025197210989619,B03,antianemic preparations
trt_q6,"165,828",87,0.7627151099493469,0.6176044166649379,0.9419206262908675,0.011880828484824947,B03,antianemic preparations
trt_q1,"42,271,942","15,829",1,NA,NA,NA,B05,blood substitutes and perfusion solutions
trt_q2,382,0,4.499986245559013e-5,5.247314570547005e-271,38590932443578446e245,0.974443008445782,B05,blood substitutes and perfusion solutions
trt_q3,"7,818",4,0.8380257317315394,0.3144834848609119,2.2331446986947054,0.7238154387767206,B05,blood substitutes and perfusion solutions
trt_q4,"6,432",5,1.4729731261351497,0.6129985988065173,3.5394042246435373,0.38657804265363194,B05,blood substitutes and perfusion solutions
trt_q5,"3,726",2,1.014969364344754,0.25381712098973314,4.058681331430214,0.9832364513332091,B05,blood substitutes and perfusion solutions
trt_q6,"2,516",0,4.8963602958400696e-5,6.4384458708574e-115,3723622847432074e90,0.9387187577034989,B05,blood substitutes and perfusion solutions
trt_q1,"40,086,414","13,679",1,NA,NA,NA,C01,cardiac therapy
trt_q2,"464,666",420,1.180732629792297,1.0707697545055186,1.3019881605640258,8.656902812411611e-4,C01,cardiac therapy
trt_q3,"756,000",720,1.164400569812878,1.0795719073087806,1.2558947466134454,8.018812215220362e-5,C01,cardiac therapy
trt_q4,"588,008",642,1.21025172030985,1.1168309945018187,1.3114869069033221,3.226942513941332e-6,C01,cardiac therapy
trt_q5,"285,167",300,1.139518918370758,1.0152639095825444,1.2789811132543656,0.02661484808355816,C01,cardiac therapy
trt_q6,"112,560",79,0.8442962093610635,0.6762754233464763,1.05406179868857,0.13493483026272768,C01,cardiac therapy
trt_q1,"41,889,175","15,465",1,NA,NA,NA,C02,antihypertensives
trt_q2,"82,594",67,0.9387960373526482,0.7370574144168281,1.1957521659915242,0.6088937361820347,C02,antihypertensives
trt_q3,"134,628",127,1.0611792876533863,0.8909098380931074,1.263990397675754,0.5057560742218559,C02,antihypertensives
trt_q4,"118,185",115,1.0010721834399707,0.83305015985795,1.2029834033381066,0.9908793071612161,C02,antihypertensives
trt_q5,"53,580",57,0.9861471000619858,0.7601094135774642,1.2794027880586911,0.9163606570299954,C02,antihypertensives
trt_q6,"14,652",9,0.5643533318892671,0.29354774600327166,1.0849842574194644,0.08627430928956888,C02,antihypertensives
trt_q1,"38,296,961","12,760",1,NA,NA,NA,C03,diuretics
trt_q2,"925,039",719,1.1590182170314487,1.074398422822475,1.2503026799702575,1.3608059428063041e-4,C03,diuretics
trt_q3,"1,395,597","1,180",1.1558501531291687,1.087781479511798,1.228178270775783,2.911232837245191e-6,C03,diuretics
trt_q4,"1,047,293",773,0.9500897957467636,0.8826785901379606,1.022649274682239,0.17272293657035612,C03,diuretics
trt_q5,"474,613",321,0.8474409203390458,0.7580172167335308,0.9474139869273519,0.003621319789679783,C03,diuretics
trt_q6,"153,312",87,0.7622315607652163,0.6161133052728563,0.9430034171543707,0.012404346105813242,C03,diuretics
trt_q1,"42,266,337","15,818",1,NA,NA,NA,C04,peripheral vasodilators
trt_q2,"5,841",3,0.565772412879314,0.18244276851645413,1.7545141732839464,0.3239541112479669,C04,peripheral vasodilators
trt_q3,"7,913",11,1.4401019492885032,0.7972542586812937,2.6012951348480606,0.2266954519170823,C04,peripheral vasodilators
trt_q4,"7,128",5,0.736280848919452,0.3063853606228019,1.7693713804849587,0.4937438458629404,C04,peripheral vasodilators
trt_q5,"3,983",2,0.5264640340016021,0.13164570677982754,2.1053810707309055,0.36429457371076057,C04,peripheral vasodilators
trt_q6,"1,613",1,0.7051125412855666,0.09931148142470768,5.006306307646072,0.7268083387020042,C04,peripheral vasodilators
trt_q1,"40,929,251","15,225",1,NA,NA,NA,C05,vasoprotectives
trt_q2,"4,972",0,4.716849064580026e-5,5.484618949721843e-92,40565562169378835e66,0.9222985326845204,C05,vasoprotectives
trt_q3,"673,678",301,1.0435038185114354,0.9308045665884592,1.1698483852941677,0.4652213005260909,C05,vasoprotectives
trt_q4,"287,871",143,1.1086927865246996,0.94034886078622415,1.307174120319741,0.21945171321796192,C05,vasoprotectives
trt_q5,"295,222",124,0.8955017270643476,0.750424803274448,1.068625849886717,0.22097800046812655,C05,vasoprotectives
trt_q6,"101,821",47,0.8623169246629097,0.6475954738793666,1.1482329765303665,0.31063512674279486,C05,vasoprotectives
trt_q1,"36,167,406","10,486",1,NA,NA,NA,C07,beta blocking agents
trt_q2,"1,698,829","1,572",1.5295471624324315,1.449729466534852,1.6137593779458856,1.8240274115739373e-54,C07,beta blocking agents
trt_q3,"2,132,260","1,876",1.2227896772067488,1.1630660873623309,1.2855800809000628,3.476066922612966e-15,C07,beta blocking agents
trt_q4,"1,675,625","1,418",1.0440617615777448,0.9866900791565364,1.1047693546494928,0.13483745255867965,C07,beta blocking agents
trt_q5,"470,849",405,0.9687333851340518,0.8763510364626608,1.0708544092801606,0.5344576419493815,C07,beta blocking agents
trt_q6,"147,845",83,0.7461579323192608,0.6007657903624205,0.9267366233138644,0.008096282911603104,C07,beta blocking agents
trt_q1,"38,185,826","12,611",1,NA,NA,NA,C08,calcium channel blockers
trt_q2,"1,071,753",841,1.1028533998904615,1.0280473412560454,1.1831027354867913,0.0062985187395516425,C08,calcium channel blockers
trt_q3,"1,373,063","1,081",1.0167524024359724,0.9549931147876207,1.0825056556446728,0.6033257579741794,C08,calcium channel blockers
trt_q4,"1,097,013",856,0.9095800885503652,0.8482261385201267,0.9753718966155852,0.007818391557787218,C08,calcium channel blockers
trt_q5,"456,288",385,0.8930560198381852,0.8065598685684363,0.9888280903248898,0.02954650658888664,C08,calcium channel blockers
trt_q6,"108,872",66,0.6777214616345013,0.5319095496681137,0.8635046688794931,0.0016481155349798943,C08,calcium channel blockers
trt_q1,"34,127,144","10,184",1,NA,NA,NA,C09,agents acting on the renin-angiotensin system
trt_q2,"2,748,962","1,853",1.0514873614482134,1.0001741063411658,1.105433208354016,0.04920812684210084,C09,agents acting on the renin-angiotensin system
trt_q3,"2,746,811","1,818",0.9023090469501033,0.8578522379182747,0.9490697584279855,6.670946406507031e-5,C09,agents acting on the renin-angiotensin system
trt_q4,"1,917,893","1,431",0.8743737460343296,0.8267291078643281,0.9247641585151141,2.653234199633501e-6,C09,agents acting on the renin-angiotensin system
trt_q5,"592,305",485,0.8511478995430738,0.7766050326373486,0.9328458050759043,5.678845030586589e-4,C09,agents acting on the renin-angiotensin system
trt_q6,"159,701",69,0.48577438422680114,0.383196607734671,0.6158111726665398,2.4311733887475394e-9,C09,agents acting on the renin-angiotensin system
trt_q1,"34,646,979","9,981",1,NA,NA,NA,C10,lipid modifying agents
trt_q2,"2,598,680","1,827",1.1121484176892151,1.057550273238595,1.1695653003623898,3.49404900984057e-5,C10,lipid modifying agents
trt_q3,"2,528,979","1,934",1.0147575961759365,0.9658304752930087,1.066163271234913,0.5612145958780593,C10,lipid modifying agents
trt_q4,"1,835,319","1,570",0.9687889666695442,0.9177956317626712,1.022615525133965,0.25041362036630294,C10,lipid modifying agents
trt_q5,"518,916",419,0.8108590671526515,0.7348876566335203,0.8946842702401682,2.9526177935937877e-5,C10,lipid modifying agents
trt_q6,"163,942",109,0.7345411689674163,0.6078855024912067,0.8875861107015351,0.0013987464494474144,C10,lipid modifying agents
trt_q1,"39,693,243","14,327",1,NA,NA,NA,D01,antifungals for dermatological use
trt_q2,"10,924",0,1.6265431127018977e-5,2.191700715975682e-97,12071185076472647e71,0.9186274451824915,D01,antifungals for dermatological use
trt_q3,"1,267,365",696,1.1959635407801936,1.1081689421494867,1.2907136596890416,4.219204092907851e-6,D01,antifungals for dermatological use
trt_q4,"571,228",348,1.228640986104626,1.1041331368830343,1.3671889940715196,1.5867999679432184e-4,D01,antifungals for dermatological use
trt_q5,"535,040",342,1.185641580470957,1.064644765231906,1.3203896766781762,0.0019317045092743944,D01,antifungals for dermatological use
trt_q6,"215,015",127,0.9616330337793937,0.8063216560822344,1.1468600460874254,0.6633436528313428,D01,antifungals for dermatological use
trt_q1,"42,213,000","15,818",1,NA,NA,NA,D02,emollients and protectives
trt_q2,"3,243",0,1.6741106718837815e-5,2.3434917558353565e-166,1195927630100043e141,0.9535917331348485,D02,emollients and protectives
trt_q3,"34,656",10,0.5435645122120557,0.2924059847654888,1.0104525705015668,0.05396807140609239,D02,emollients and protectives
trt_q4,"26,661",9,0.5594061011122418,0.2797039378838441,1.1188086529248507,0.10048223018057502,D02,emollients and protectives
trt_q5,"10,523",3,0.5383501328146321,0.17360826115691916,1.6693955896463468,0.2835179157485986,D02,emollients and protectives
trt_q6,"4,733",0,1.6414345222910553e-5,2.812375905499718e-135,9580181958251088e109,0.9423883277568347,D02,emollients and protectives
trt_q1,"41,630,639","15,559",1,NA,NA,NA,D05,antipsoriatics
trt_q2,"1,366",0,1.2125735465377856e-4,1.3091801514621338e-105,11230957054467112e81,0.9394008076420064,D05,antipsoriatics
trt_q3,"311,270",125,0.8683835936512615,0.7282212779554894,1.035523251723456,0.11611325525806732,D05,antipsoriatics
trt_q4,"210,660",90,0.8659027619225,0.703842898588165,1.0652769170634655,0.17324255350441237,D05,antipsoriatics
trt_q5,"105,869",44,0.7658986815975759,0.5697075029402041,1.0296525628423645,0.07732433068093525,D05,antipsoriatics
trt_q6,"33,010",22,1.0915525504538741,0.7114661918172391,1.6746923242537226,0.6883246808621958,D05,antipsoriatics
trt_q1,"40,340,802","15,011",1,NA,NA,NA,D06,antibiotics and chemotherapeutics for dermatological use
trt_q2,"5,807",0,4.459723839709738e-5,2.6397733210286305e-83,7534410840520777e58,0.9131986791705284,D06,antibiotics and chemotherapeutics for dermatological use
trt_q3,"1,029,842",417,0.9916426945823087,0.8995052699217835,1.0932178683110658,0.8660522140213921,D06,antibiotics and chemotherapeutics for dermatological use
trt_q4,"413,910",177,1.0115266392668754,0.8717780029818102,1.17367740232818,0.8799134970697614,D06,antibiotics and chemotherapeutics for dermatological use
trt_q5,"363,545",157,0.9697898530503475,0.8282060379798631,1.135577761994391,0.7032259582979511,D06,antibiotics and chemotherapeutics for dermatological use
trt_q6,"138,909",78,1.1271018767986183,0.9022073293245185,1.4080562187785413,0.2920266661486347,D06,antibiotics and chemotherapeutics for dermatological use
trt_q1,"35,300,142","12,373",1,NA,NA,NA,D07,"corticosteroids, dermatological preparations"
trt_q2,"8,942",0,1.6329993806405763e-5,1.2644611568483213e-101,2108951281523944e76,0.9222339491833599,D07,"corticosteroids, dermatological preparations"
trt_q3,"3,658,512","1,754",0.9873624243475905,0.9390263295876395,1.0381866048864234,0.6194589488768799,D07,"corticosteroids, dermatological preparations"
trt_q4,"1,771,004",887,0.9222676936018568,0.8612779086366572,0.9875763561706736,0.020444394630254947,D07,"corticosteroids, dermatological preparations"
trt_q5,"1,117,033",600,0.9162865521894147,0.8439583526505965,0.9948133614488395,0.037167807729974835,D07,"corticosteroids, dermatological preparations"
trt_q6,"437,181",226,0.8274424243089727,0.7249273972258823,0.944454531814273,0.005003843803668596,D07,"corticosteroids, dermatological preparations"
trt_q1,"41,632,791","15,673",1,NA,NA,NA,D10,anti-acne preparations
trt_q2,"3,251",0,1.2233883184837468e-4,1.7033992856141062e-93,8786424829707e72,0.9312284858432989,D10,anti-acne preparations
trt_q3,"270,271",59,0.8643149518828356,0.6678104293278546,1.1186413138233227,0.26784760506665023,D10,anti-acne preparations
trt_q4,"245,414",66,1.058725324608687,0.829729631570981,1.35092115590171,0.6462969752048817,D10,anti-acne preparations
trt_q5,"99,715",28,1.258750446229644,0.8687602938013181,1.8238088195196513,0.2238575743685006,D10,anti-acne preparations
trt_q6,"41,372",14,1.32784538306533,0.7861919393232705,2.2426754500250894,0.288967504444856,D10,anti-acne preparations
trt_q1,"42,015,611","15,704",1,NA,NA,NA,D11,other dermatological preparations
trt_q2,"1,797",0,1.2102862379547194e-4,1.090977711342053e-96,13426422579987269e72,0.9335262389438,D11,other dermatological preparations
trt_q3,"139,861",68,1.1342781517720255,0.893810589457125,1.4394402357313738,0.29998018041746,D11,other dermatological preparations
trt_q4,"57,044",25,0.987683724321225,0.667152293409199,1.4622135739113906,0.9506358954931164,D11,other dermatological preparations
trt_q5,"56,395",33,1.314590763316133,0.9341897021494552,1.8498907352755394,0.1165608409547582,D11,other dermatological preparations
trt_q6,"22,106",10,1.1019082189626435,0.5927454742568948,2.0484369358359578,0.7590259332568238,D11,other dermatological preparations
trt_q1,"34,253,116","13,673",1,NA,NA,NA,G03,sex hormones and modulators of the genital system
trt_q2,"1,845,965",481,1.1619863018927055,1.0580115503203418,1.2761790411243357,0.001695104354940603,G03,sex hormones and modulators of the genital system
trt_q3,"2,908,602",743,1.156719345965084,1.0703660725849447,1.2500392899212593,2.3529024217561418e-4,G03,sex hormones and modulators of the genital system
trt_q4,"2,087,963",547,1.0426763974387354,0.9540961238538918,1.1394806483275337,0.3562240451980885,G03,sex hormones and modulators of the genital system
trt_q5,"896,099",286,1.0142865596853194,0.9000081441377626,1.143075461993606,0.816080367601562,G03,sex hormones and modulators of the genital system
trt_q6,"301,070",110,0.9469734731908448,0.7838822302128015,1.1439967948803835,0.5720913188615793,G03,sex hormones and modulators of the genital system
trt_q1,"38,702,552","11,885",1,NA,NA,NA,G04,urologicals
trt_q2,"997,317",885,1.3540680266107283,1.2631423593618831,1.4515388602878643,1.2661225955328766e-17,G04,urologicals
trt_q3,"979,236","1,131",1.6127865965697925,1.5151262872311382,1.7167417844941466,7.666189675065188e-51,G04,urologicals
trt_q4,"979,057","1,188",1.5210772595051238,1.430657670469426,1.6172114945041023,5.03438207625277e-41,G04,urologicals
trt_q5,"449,466",551,1.3857118136440125,1.270311345152142,1.511595749971517,1.9363904485606142e-13,G04,urologicals
trt_q6,"185,187",200,1.237316394482494,1.075096370483948,1.4240136066741722,0.0029796085418578844,G04,urologicals
trt_q1,"41,932,195","15,742",1,NA,NA,NA,H01,pituitary and hypothalamic hormones and analogues
trt_q2,"1,845",0,1.1716661215524815e-4,5.960087269835326e-123,23033244955013983e98,0.9480668342340901,H01,pituitary and hypothalamic hormones and analogues
trt_q3,"152,325",32,2.094223045321182,1.4800475595783118,2.963262994605321,2.9952181227971314e-5,H01,pituitary and hypothalamic hormones and analogues
trt_q4,"137,791",30,1.864376707021165,1.3028404829863287,2.6679402053240904,6.573911513734387e-4,H01,pituitary and hypothalamic hormones and analogues
trt_q5,"52,630",22,1.5780811674177462,1.0285751301339854,2.421155341986693,0.0367100358891993,H01,pituitary and hypothalamic hormones and analogues
trt_q6,"16,029",14,1.483306289223514,0.8782581002499256,2.5051833248380193,0.14035022608433992,H01,pituitary and hypothalamic hormones and analogues
trt_q1,"38,533,637","14,039",1,NA,NA,NA,H02,corticosteroids for systemic use
trt_q2,"12,626",0,5.9904952083945455e-6,5.041544464240686e-120,711806334275842e94,0.9285014671568633,H02,corticosteroids for systemic use
trt_q3,"1,816,421",801,0.9155950901135693,0.8525645938145362,0.9832854602714584,0.015386625034460174,H02,corticosteroids for systemic use
trt_q4,"1,104,438",557,0.9196250114830085,0.8448338481956555,1.001037261411033,0.05286650564573276,H02,corticosteroids for systemic use
trt_q5,"615,561",329,0.8161957199219921,0.7314078724811837,0.9108125278431661,2.8420429934079166e-4,H02,corticosteroids for systemic use
trt_q6,"210,131",114,0.7201994762350972,0.5988427484861187,0.8661493971172828,4.898594699149612e-4,H02,corticosteroids for systemic use
trt_q1,"39,621,617","14,489",1,NA,NA,NA,H03,thyroid therapy
trt_q2,"997,217",501,1.197820663791488,1.0949899672355632,1.310308208784913,8.098324984403627e-5,H03,thyroid therapy
trt_q3,"1,049,825",517,1.005628465008207,0.9203483204179305,1.0988107298066627,0.9012053271994581,H03,thyroid therapy
trt_q4,"477,698",265,0.9552455818381962,0.8453794221672758,1.0793900320900385,0.4626582049170687,H03,thyroid therapy
trt_q5,"86,943",40,0.7343171785431372,0.5382417584874059,1.0018206692451768,0.05135674530877732,H03,thyroid therapy
trt_q6,"59,515",28,0.8361362313363079,0.5768506840560121,1.2119666608307236,0.3446990443843679,H03,thyroid therapy
trt_q1,"42,223,731","15,815",1,NA,NA,NA,H04,pancreatic hormones
trt_q2,"18,941",3,0.4822625450881282,0.1555216684759834,1.4954646813784338,0.2065908765950591,H04,pancreatic hormones
trt_q3,"12,555",8,2.2303270951949705,1.1151616081490068,4.4606619481973455,0.02331866232743085,H04,pancreatic hormones
trt_q4,"24,940",10,1.2962972426556234,0.6973229237746206,2.4097681060312945,0.41201498105339607,H04,pancreatic hormones
trt_q5,"9,044",4,1.3459869899513655,0.505099089655352,3.586783295045166,0.5524007737594664,H04,pancreatic hormones
trt_q6,"3,603",0,4.170645928343747e-5,3.9062396875176956e-119,44529493454262515e93,0.9399906609585735,H04,pancreatic hormones
trt_q1,"42,266,523","15,819",1,NA,NA,NA,H05,calcium homeostasis
trt_q2,"7,638",8,1.6270556736595476,0.8135022968210376,3.2542135105613674,0.1687135912756018,H05,calcium homeostasis
trt_q3,"5,880",2,0.528141065362495,0.132070511907805,2.112000482870446,0.36666289400501967,H05,calcium homeostasis
trt_q4,"7,084",8,1.6690186318223743,0.8344468351951965,3.338287205222138,0.14754517158001537,H05,calcium homeostasis
trt_q5,"3,735",3,1.18131195253918,0.3809398789018108,3.6633022860062043,0.7729143535700934,H05,calcium homeostasis
trt_q6,"1,954",0,4.744284190556025e-5,8.678625747686208e-110,259352495834506e86,0.9355118505957607,H05,calcium homeostasis
trt_q1,"20,538,423","7,149",1,NA,NA,NA,J01,antibacterials for systemic use
trt_q2,"5,732,343","2,157",0.9828792165161951,0.9365809502612867,1.031466157826487,0.4830024077657285,J01,antibacterials for systemic use
trt_q3,"6,698,580","2,696",0.9902105803633993,0.9471377398564056,1.0352422379582034,0.6646131164122492,J01,antibacterials for systemic use
trt_q4,"5,507,217","2,161",0.894499647612375,0.8521767094344557,0.9389245337503609,6.536250040712633e-6,J01,antibacterials for systemic use
trt_q5,"2,657,311","1,097",0.8538795644249073,0.8008572991537055,0.9104122685938509,1.3688326818066788e-6,J01,antibacterials for systemic use
trt_q6,"1,158,940",580,0.8858489788384314,0.813237310078329,0.9649439389758305,0.0054732951143849976,J01,antibacterials for systemic use
trt_q1,"41,438,733","15,672",1,NA,NA,NA,J02,antimycotics for systemic use
trt_q2,"3,669",0,1.395480472975991e-4,1.2123014923969068e-92,16063378315299237e68,0.9316203596182387,J02,antimycotics for systemic use
trt_q3,"379,871",77,0.8974434713456811,0.7161903967660953,1.1245679750772029,0.34719403432701373,J02,antimycotics for systemic use
trt_q4,"256,494",59,1.1529196464245606,0.8925788926929036,1.4891946493395962,0.2758409852675379,J02,antimycotics for systemic use
trt_q5,"150,776",26,1.0059840718575326,0.6845536399669138,1.4783413508399053,0.9757667001604442,J02,antimycotics for systemic use
trt_q6,"63,272",6,0.6060757914582738,0.2721998121584713,1.3494787600291192,0.2201620738452662,J02,antimycotics for systemic use
trt_q1,"42,266,548","15,816",1,NA,NA,NA,J04,antimycobacterials
trt_q2,198,0,4.312760963780233e-5,0,Inf,0.982207379675178,J04,antimycobacterials
trt_q3,"11,574",12,1.6624131163851867,0.9438717996158755,2.9279584056375123,0.07841695264300513,J04,antimycobacterials
trt_q4,"7,423",8,1.9059593192920463,0.9529664376195954,3.8119715274236046,0.0681907922895146,J04,antimycobacterials
trt_q5,"5,112",4,1.2526100625115233,0.4700603700921123,3.337937142834775,0.6524265287390542,J04,antimycobacterials
trt_q6,"1,960",0,4.174723187499819e-5,2.018784504788145e-115,8633072847008897e90,0.937980922159228,J04,antimycobacterials
trt_q1,"41,692,732","15,645",1,NA,NA,NA,J05,antivirals for systemic use
trt_q2,"3,396",0,1.2048555228953627e-4,2.5828244381132727e-87,5620501376825767e63,0.9259705986252613,J05,antivirals for systemic use
trt_q3,"284,596",111,0.905769051293468,0.75144351636089,1.0917887458184592,0.2990379282907117,J05,antivirals for systemic use
trt_q4,"170,774",46,0.8934852056920817,0.668914716493075,1.1934493188847135,0.44572328826727564,J05,antivirals for systemic use
trt_q5,"107,882",29,1.0527576555740064,0.731275636901349,1.51556899401968,0.7821276795306272,J05,antivirals for systemic use
trt_q6,"33,435",9,1.0043340322175756,0.5224436758086831,1.9307092706387576,0.9896523582774409,J05,antivirals for systemic use
trt_q1,"42,285,666","15,838",1,NA,NA,NA,J06,immune sera and immunoglobulins
trt_q2,"1,918",1,1.1435898630554875,0.1610770484878323,8.11908206141522,0.8932706890642158,J06,immune sera and immunoglobulins
trt_q3,"1,811",0,4.622379894211523e-5,1.8274821795521842e-144,11691712305313697e119,0.9513984943919055,J06,immune sera and immunoglobulins
trt_q4,"1,893",1,1.336484397446543,0.18824756579416665,9.488518680613927,0.7717922580516703,J06,immune sera and immunoglobulins
trt_q5,"1,079",0,4.654749885114714e-5,7.407519866576684e-182,29249596198502987e156,0.9616961722099979,J06,immune sera and immunoglobulins
trt_q6,448,0,4.6004376668938345e-5,8.019784702549104e-269,2638976919199156e244,0.9742891865502721,J06,immune sera and immunoglobulins
trt_q1,"42,169,103","15,782",1,NA,NA,NA,L01,antineoplastic agents
trt_q2,"1,740",0,4.4931603130612586e-5,1.4797516681706918e-122,13643160560734878e97,0.9421811757534108,L01,antineoplastic agents
trt_q3,"53,352",24,0.5633560106369913,0.377467132366231,0.8407884223755487,0.004973051563782898,L01,antineoplastic agents
trt_q4,"33,298",19,0.7549300389493282,0.48138694793565595,1.1839111262821604,0.22073283837272878,L01,antineoplastic agents
trt_q5,"20,841",9,0.6022641940743618,0.3133015936242544,1.1577411888273277,0.12833722978645187,L01,antineoplastic agents
trt_q6,"14,481",6,0.5451809626575596,0.24488595866910304,1.213717126369988,0.13737682045525895,L01,antineoplastic agents
trt_q1,"41,757,082","15,427",1,NA,NA,NA,L02,endocrine therapy
trt_q2,"160,493",115,1.017764541971501,0.8462131717380114,1.2240942323870583,0.8516886480211535,L02,endocrine therapy
trt_q3,"136,982",111,0.8946018827379077,0.7413998330260095,1.0794614362559924,0.24518077580482672,L02,endocrine therapy
trt_q4,"133,204",103,0.9280524653177956,0.7637189579109234,1.1277464955674101,0.4527037198859453,L02,endocrine therapy
trt_q5,"72,791",58,0.9448003036685739,0.7299334866636084,1.2229163754253245,0.6662334200290072,L02,endocrine therapy
trt_q6,"32,263",26,0.6927146900223624,0.4712828071316446,1.0181861814423008,0.06172704273322643,L02,endocrine therapy
trt_q1,"42,088,588","15,782",1,NA,NA,NA,L03,immunostimulants
trt_q2,"37,474",17,1.070446045023365,0.6652539325308151,1.7224321109189191,0.7790903372024923,L03,immunostimulants
trt_q3,"51,906",17,0.8366892306998804,0.5199769996920861,1.3463073735640316,0.46253088723235014,L03,immunostimulants
trt_q4,"52,201",17,0.8466027113572653,0.5261480417968277,1.362232858322109,0.49259989894838774,L03,immunostimulants
trt_q5,"42,887",3,0.30821427424274683,0.09939196727374558,0.9557717937642268,0.04151937553124477,L03,immunostimulants
trt_q6,"19,758",4,1.1469711416953199,0.4303823029339704,3.056684233793175,0.783941177050171,L03,immunostimulants
trt_q1,"41,531,148","15,543",1,NA,NA,NA,L04,immunosuppressants
trt_q2,"220,536",77,0.7877837010173259,0.6297183174547829,0.9855250234691132,0.03683652873368391,L04,immunosuppressants
trt_q3,"239,615",98,0.9084949963681438,0.7448164204131833,1.1081430749983834,0.34372437702004,L04,immunosuppressants
trt_q4,"184,290",87,1.0227687728536685,0.8284073299236437,1.2627314183965712,0.834167133463731,L04,immunosuppressants
trt_q5,"84,966",24,0.5843952473678772,0.3915675783319664,0.8721810079399056,0.008554438574563776,L04,immunosuppressants
trt_q6,"32,260",11,0.6421435338803076,0.3555342419240387,1.1597991683523683,0.14197294261803053,L04,immunosuppressants
trt_q1,"22,646,864","7,937",1,NA,NA,NA,M01,antiinflammatory and antirheumatic products
trt_q2,"4,844,955","1,652",0.995131974921101,0.9435872350831113,1.0494924164835127,0.8572872704342183,M01,antiinflammatory and antirheumatic products
trt_q3,"7,060,628","2,753",1.0727916407298257,1.0270851806210397,1.1205320903607003,0.0015614834961143141,M01,antiinflammatory and antirheumatic products
trt_q4,"4,130,258","1,762",1.074862442937733,1.020504672572873,1.132115611313451,0.006400158189135879,M01,antiinflammatory and antirheumatic products
trt_q5,"2,583,838","1,230",1.0462015114020118,0.9848156105331993,1.1114137415706165,0.1431927770985504,M01,antiinflammatory and antirheumatic products
trt_q6,"1,026,271",506,0.9329238470376988,0.8522463832221457,1.0212386013080397,0.13243913695934156,M01,antiinflammatory and antirheumatic products
trt_q1,"41,272,710","15,474",1,NA,NA,NA,M03,muscle relaxants
trt_q2,987,0,3.437629560819967e-4,1.9845608940852795e-98,5954615468158754e75,0.9425712649420088,M03,muscle relaxants
trt_q3,"570,239",190,1.0361620328689618,0.8972319622018923,1.196604449672463,0.6286516801265027,M03,muscle relaxants
trt_q4,"304,178",133,1.4367906632296663,1.2110877304156589,1.704556456232473,3.231808568232149e-5,M03,muscle relaxants
trt_q5,"131,476",39,1.0341915915927171,0.7551983506777222,1.4162534215828875,0.8339875324304366,M03,muscle relaxants
trt_q6,"13,225",4,0.687072192666205,0.2578333727160179,1.8309041725761808,0.45294058762025197,M03,muscle relaxants
trt_q1,"41,532,192","15,244",1,NA,NA,NA,M04,antigout preparations
trt_q2,"193,345",125,0.847835825426704,0.7108618096701603,1.011202989242755,0.06635077988685799,M04,antigout preparations
trt_q3,"226,824",178,0.929793816816744,0.8008563904845873,1.07949009593036,0.33921548472342045,M04,antigout preparations
trt_q4,"214,984",186,0.9460727375760873,0.8181144000773708,1.0940445794623161,0.45464739951097094,M04,antigout preparations
trt_q5,"93,034",79,0.8492449307121553,0.6806023378425078,1.0596745151163205,0.14795828206828446,M04,antigout preparations
trt_q6,"32,437",28,0.8379825566847597,0.5743435532305061,1.2226388915801076,0.3591084737835635,M04,antigout preparations
trt_q1,"41,147,195","14,797",1,NA,NA,NA,M05,drugs for treatment of bone diseases
trt_q2,"279,070",314,1.6262647519123332,1.4526724552035795,1.8206010817089842,3.081400118148378e-17,M05,drugs for treatment of bone diseases
trt_q3,"326,083",315,1.3645073025584458,1.2188889804929193,1.5275223654761247,6.752128076907187e-8,M05,drugs for treatment of bone diseases
trt_q4,"311,203",241,1.0415903984384933,0.9156927117527345,1.1847976337418082,0.5352795666102284,M05,drugs for treatment of bone diseases
trt_q5,"167,692",139,1.083213567853733,0.9155139306139479,1.2816316544692647,0.3516438250701656,M05,drugs for treatment of bone diseases
trt_q6,"61,572",34,0.7616678175456002,0.5436036912863743,1.0672073673963647,0.11365156868843329,M05,drugs for treatment of bone diseases
trt_q1,"28,053,325","9,094",1,NA,NA,NA,N02,analgesics
trt_q2,"3,810,108","1,554",1.0535759017328183,0.9982576846955206,1.111959564879974,0.05788170812915862,N02,analgesics
trt_q3,"4,355,738","2,114",1.1649119171411448,1.1108489468139382,1.2216060325659666,3.059295369630234e-10,N02,analgesics
trt_q4,"3,549,109","1,867",1.1908385250822993,1.1323520869921733,1.2523458110869252,1.0651355674034847e-11,N02,analgesics
trt_q5,"2,001,974","1,010",1.1170314674792494,1.0458747351124524,1.193029391999498,9.82200887213741e-4,N02,analgesics
trt_q6,"522,560",201,0.8875754597994501,0.7709739031775827,1.021811754705722,0.09697740673923114,N02,analgesics
trt_q1,"40,365,777","14,656",1,NA,NA,NA,N03,antiepileptics
trt_q2,"327,467",211,1.4931098722984877,1.3024990276635666,1.7116151670026816,8.786538109868721e-9,N03,antiepileptics
trt_q3,"605,775",405,1.6433988323969113,1.488655634607815,1.8142273199637897,7.17358286861416e-23,N03,antiepileptics
trt_q4,"621,626",376,1.4947322929298195,1.3488840803364037,1.6563503566370457,1.6777752470737977e-14,N03,antiepileptics
trt_q5,"284,974",156,1.2738679084119138,1.0873748274051365,1.4923459759999944,0.0027250892109717856,N03,antiepileptics
trt_q6,"87,196",36,0.9640817089732564,0.6918656670201068,1.3434017409477599,0.8289206183573463,N03,antiepileptics
trt_q1,"31,695,517","9,374",1,NA,NA,NA,N05,psycholeptics
trt_q2,"2,722,322","1,435",1.4116782003179011,1.3348681276876373,1.492908025832434,1.3712295681245093e-33,N05,psycholeptics
trt_q3,"3,265,296","2,108",1.4596154382355309,1.3911262279798273,1.5314765724957597,1.151651788563331e-53,N05,psycholeptics
trt_q4,"2,852,777","1,911",1.347900210152412,1.2815058827537553,1.4177344021432217,4.954867846794488e-31,N05,psycholeptics
trt_q5,"1,303,642",793,1.2798881837304912,1.1892687226080463,1.3774126332529621,4.506534038238488e-11,N05,psycholeptics
trt_q6,"453,260",219,1.1154133456584387,0.9745205428010443,1.2766759416860785,0.11288707837522213,N05,psycholeptics
trt_q1,"36,045,124","11,733",1,NA,NA,NA,N06,psychoanaleptics
trt_q2,"1,399,581",814,1.8942980622207912,1.7638862754907179,2.0343517597443475,5.525965918378806e-69,N06,psychoanaleptics
trt_q3,"2,115,503","1,510",2.2715936806325185,2.1521953403699956,2.3976159380600115,6.366059097898617e-195,N06,psychoanaleptics
trt_q4,"1,781,068","1,202",1.8706993691733493,1.7617346658940634,1.9864036268194771,5.46867581403193e-93,N06,psychoanaleptics
trt_q5,"725,177",457,1.5378508698232423,1.4001463999389996,1.689098581347735,2.4254948471242456e-19,N06,psychoanaleptics
trt_q6,"226,360",124,1.2859913475593872,1.0763772464175703,1.5364257759087214,0.005593405732408144,N06,psychoanaleptics
trt_q1,"41,273,429","15,620",1,NA,NA,NA,N07,other nervous system drugs
trt_q2,"6,269",0,4.655688716253737e-5,2.827129953131513e-108,7666940601242265e83,0.9344400019222456,N07,other nervous system drugs
trt_q3,"382,903",85,0.7325312695155829,0.5917859505851696,0.9067502536812657,0.004247393766488528,N07,other nervous system drugs
trt_q4,"407,404",85,0.6651549659842358,0.5373515563799112,0.8233550708480467,1.8010742307448738e-4,N07,other nervous system drugs
trt_q5,"159,351",38,0.7124103210330857,0.5181286995075653,0.9795413108689488,0.036870529667546344,N07,other nervous system drugs
trt_q6,"63,458",12,0.9532928902365175,0.5412151938686256,1.6791238399638997,0.868466041383119,N07,other nervous system drugs
trt_q1,"35,853,984","13,668",1,NA,NA,NA,R01,nasal preparations
trt_q2,"1,780,064",544,1.017910042382092,0.9339438265726077,1.109425240471633,0.6861117763293442,R01,nasal preparations
trt_q3,"1,684,378",526,1.0242958708734777,0.9387827504258431,1.1175983267827778,0.5893996322778219,R01,nasal preparations
trt_q4,"1,841,694",621,1.0490184535061782,0.9678512515417006,1.136992605055365,0.24414776332693852,R01,nasal preparations
trt_q5,"816,446",336,1.028868247146306,0.9231027911746416,1.1467518895039737,0.6070990347770232,R01,nasal preparations
trt_q6,"316,248",145,0.9447844636521037,0.8021225290936915,1.1128196134410424,0.49646566500921824,R01,nasal preparations
trt_q1,"36,976,015","13,589",1,NA,NA,NA,R03,drugs for obstructive airway diseases
trt_q2,"1,478,237",514,0.8943010485530092,0.8188118145714376,0.9767499090882196,0.013035637963635691,R03,drugs for obstructive airway diseases
trt_q3,"1,569,100",675,0.9633619624220059,0.8915886259039305,1.0409130889267069,0.3447134552723974,R03,drugs for obstructive airway diseases
trt_q4,"1,455,375",672,0.8232856693808108,0.7616808873144906,0.8898730488007546,9.571931990507444e-7,R03,drugs for obstructive airway diseases
trt_q5,"604,046",301,0.7628195962555655,0.6803748895220488,0.85525457419552,3.4964611988168544e-6,R03,drugs for obstructive airway diseases
trt_q6,"210,042",89,0.6085286574745808,0.4933855432306731,0.7505431240304615,3.4615112073884585e-6,R03,drugs for obstructive airway diseases
trt_q1,"34,148,841","12,149",1,NA,NA,NA,R05,cough and cold preparations
trt_q2,"27,387",0,6.130156083750381e-6,1.4309585652505375e-97,26261287030740426e70,0.9112249071065278,R05,cough and cold preparations
trt_q3,"3,236,960","1,373",0.983702611870289,0.9301549770769272,1.0403329041375418,0.565033873361723,R05,cough and cold preparations
trt_q4,"3,237,747","1,458",0.9324938042023109,0.8829252085211919,0.9848452467815421,0.012144617408221349,R05,cough and cold preparations
trt_q5,"1,172,868",600,0.914603802228828,0.8422795215729321,0.9931383746446666,0.03368866122421848,R05,cough and cold preparations
trt_q6,"469,012",260,0.8572182320453327,0.7579501034930735,0.9694874292706539,0.014149597368144801,R05,cough and cold preparations
trt_q1,"34,540,234","13,155",1,NA,NA,NA,R06,antihistamines for systemic use
trt_q2,"1,606,469",554,1.0899679098068527,1.000904681548192,1.1869562270116303,0.04761871247550422,R06,antihistamines for systemic use
trt_q3,"2,792,973",859,1.060443358114899,0.9894368569855242,1.1365456095865412,0.09698435389565963,R06,antihistamines for systemic use
trt_q4,"2,110,555",747,1.088308529640222,1.0106263584807298,1.171961769796098,0.025108897423217553,R06,antihistamines for systemic use
trt_q5,"972,994",424,1.0011438402116886,0.9083175920849607,1.1034565415529867,0.9816289282018887,R06,antihistamines for systemic use
trt_q6,"269,588",101,0.7262210635295103,0.5964054010000859,0.8842928521934312,0.0014536518305524196,R06,antihistamines for systemic use
trt_q1,"32,977,748","10,608",1,NA,NA,NA,S01,ophthalmologicals
trt_q2,"18,364",0,6.6324402221733265e-6,1.049508324750969e-102,4191416329273983e76,0.9164966241756032,S01,ophthalmologicals
trt_q3,"4,576,507","2,276",1.12532036326843,1.0748969931456898,1.1781090914401255,4.467919188591731e-7,S01,ophthalmologicals
trt_q4,"2,956,602","1,786",1.2400348521239732,1.1783788477734893,1.30491686726008,1.362498419460238e-16,S01,ophthalmologicals
trt_q5,"1,423,283",941,1.105921959756386,1.0336272806241409,1.1832731236862057,0.003513459658674452,S01,ophthalmologicals
trt_q6,"340,312",229,0.8860619621787725,0.7766829781468096,1.0108446083025844,0.07193811862498994,S01,ophthalmologicals
trt_q1,"42,029,730","15,720",1,NA,NA,NA,S02,otologicals
trt_q2,"1,408",0,1.2098744242106906e-4,3.5427806944316435e-99,4131771759566951e75,0.9352696399724932,S02,otologicals
trt_q3,"117,432",50,0.8375649335684515,0.6345169889040422,1.1055890231642236,0.21080929736396148,S02,otologicals
trt_q4,"80,489",42,0.9685318474954699,0.7154648078063147,1.31111122361022,0.8360666293861616,S02,otologicals
trt_q5,"39,287",20,0.9017502608886503,0.5816001948754521,1.3981314658721582,0.6439459333044469,S02,otologicals
trt_q6,"24,470",8,0.5539109261905044,0.2769574665431469,1.1078138386474004,0.09483155620149451,S02,otologicals
trt_q1,"40,965,577","15,291",1,NA,NA,NA,S03,ophthalmological and otological preparations
trt_q2,"4,785",0,4.524291182723624e-5,1.9616501909450179e-90,10434689528518463e65,0.920542689876525,S03,ophthalmological and otological preparations
trt_q3,"620,714",249,0.856710199730823,0.7556779682799338,0.9712501847757203,0.01570955919014431,S03,ophthalmological and otological preparations
trt_q4,"409,045",170,0.8336180941844233,0.7166551545148303,0.9696701720119835,0.018311521423547004,S03,ophthalmological and otological preparations
trt_q5,"186,014",88,0.8562877827682085,0.6935682663731878,1.0571832687102307,0.14906877209193556,S03,ophthalmological and otological preparations
trt_q6,"106,679",42,0.6534274201060888,0.4826822664424486,0.8845723637071043,0.00589314855891104,S03,ophthalmological and otological preparations
trt_q1,"42,190,025","15,830",1,NA,NA,NA,V01,allergens
trt_q2,"28,483",2,0.6168714497651648,0.15424321610123656,2.467080207181479,0.49455155075997365,V01,allergens
trt_q3,"30,346",4,0.9876430426453455,0.3705675435495311,2.632283362817974,0.9801664918331344,V01,allergens
trt_q4,"21,446",1,0.3298001119315174,0.046450099818914944,2.341612057973446,0.26734954052092347,V01,allergens
trt_q5,"16,875",3,1.3477166941688907,0.4345398220745568,4.1799167659020275,0.6053444500059812,V01,allergens
trt_q6,"5,639",0,1.2070606628458021e-4,1.2734503888689872e-90,11441320812535114e66,0.9288255034804106,V01,allergens
trt_q1,"42,247,071","15,817",1,NA,NA,NA,V03,all other therapeutic products
trt_q2,"8,835",3,0.5198665700386963,0.16764632836070056,1.612091677082938,0.25723595341877126,V03,all other therapeutic products
trt_q3,"15,339",8,0.7776073109384747,0.3887981130737756,1.5552367917748282,0.4769420464199657,V03,all other therapeutic products
trt_q4,"11,550",4,0.46922171152994163,0.17608015987008863,1.2503908148057554,0.13024869291387867,V03,all other therapeutic products
trt_q5,"6,978",6,1.1055660438269643,0.4965910414476939,2.461333723822217,0.8058641552625224,V03,all other therapeutic products
trt_q6,"3,042",2,0.7788786179477709,0.19477254066237878,3.1146685227452453,0.7238022863428081,V03,all other therapeutic products
trt_q1,"42,278,295","15,835",1,NA,NA,NA,V06,general nutrients
trt_q2,80,0,3.762736004143763e-4,0,Inf,0.9872687256117211,V06,general nutrients
trt_q3,"5,870",2,1.5873775911393657,0.396924600109498,6.348227386653025,0.5135012244117808,V06,general nutrients
trt_q4,"4,906",1,0.9317249745216496,0.13123068458307213,6.615155829640083,0.9436258722477162,V06,general nutrients
trt_q5,"2,646",2,2.620423879103993,0.6552507999634308,10.479378745606478,0.17313591750305113,V06,general nutrients
trt_q6,"1,018",0,3.8806510432477364e-4,2.42348733944034e-94,6213959641702587e71,0.94091781854934875,V06,general nutrients
trt_q1,"42,245,433","15,821",1,NA,NA,NA,V07,all other non-therapeutic products
trt_q2,717,0,1.22970747991319e-4,1.2682315340643577e-113,11923536401182837e89,0.9439396238520423,V07,all other non-therapeutic products
trt_q3,"16,967",7,0.626662521982457,0.29869604336659394,1.3147342429823878,0.21639326383062685,V07,all other non-therapeutic products
trt_q4,"17,278",5,0.45132876610919465,0.1878260124090324,1.084501834996378,0.07530453348475574,V07,all other non-therapeutic products
trt_q5,"8,145",6,0.9592264785015956,0.3991912680751571,2.30494880685952,0.925851300088496,V07,all other non-therapeutic products
trt_q6,"4,275",1,0.34819085470398736,0.04904388079294446,2.4720081147602535,0.29144082487189166,V07,all other non-therapeutic products
